Date;Suburb;Location;Area;Maximum_temperature(C);Evaporation(mm)
12/1/23;Wanneroo;JANDABUP and MARIGINIUP;CITY OF WANNEROO;35;7,06
12/1/23;Mariginiup;JANDABUP and MARIGINIUP;CITY OF WANNEROO;37;14,02
12/1/23;Hamersley;HAMERSLEY RANGE;SHIRE OF ASHBURTON;35;7,06
12/1/23;Wanneroo;JANDABUP and MARIGINIUP;CITY OF WANNEROO;35;7,06
12/1/23;Mariginiup;JANDABUP and MARIGINIUP;CITY OF WANNEROO;37;14,02
12/1/23;Wanneroo;JANDABUP and MARIGINIUP;CITY OF WANNEROO;35;7,06
12/1/23;Mariginiup;JANDABUP and MARIGINIUP;CITY OF WANNEROO;37;14,02
12/1/23;Hamersley;HAMERSLEY RANGE;SHIRE OF ASHBURTON;35;7,06
12/8/23;Hamersley;HAMERSLEY RANGE;SHIRE OF ASHBURTON;24;7,04
12/8/23;Bullsbrook;BULLSBROOK;CITY OF SWAN;27;14,02
12/8/23;Bullsbrook;BULLSBROOK;CITY OF SWAN;27;14,02
12/8/23;Mandogalup;MANDOGALUP and ANKETELL;CITY OF KWINANA;26;14,02
12/8/23;The Spectacles;MANDOGALUP and ANKETELL;CITY OF KWINANA;26;14,02
12/8/23;Anketell;MANDOGALUP and ANKETELL;CITY OF KWINANA;26;14,02
12/8/23;Mandogalup;MANDOGALUP and ANKETELL;CITY OF KWINANA;26;14,02
12/8/23;The Spectacles;MANDOGALUP and ANKETELL;CITY OF KWINANA;26;14,02
12/8/23;Anketell;MANDOGALUP and ANKETELL;CITY OF KWINANA;26;14,02
12/8/23;Mandogalup;POSTANS, MANDOGALUP and ANKETELL;CITY OF KWINANA;26;14,02
12/8/23;The Spectacles;POSTANS, MANDOGALUP and ANKETELL;CITY OF KWINANA;26;14,02
12/8/23;Anketell;POSTANS, MANDOGALUP and ANKETELL;CITY OF KWINANA;26;14,02
12/8/23;Postans;POSTANS, MANDOGALUP and ANKETELL;CITY OF KWINANA;26;7,04
12/8/23;Mandogalup;POSTANS, MANDOGALUP and ANKETELL;CITY OF KWINANA;26;14,02
12/8/23;The Spectacles;POSTANS, MANDOGALUP and ANKETELL;CITY OF KWINANA;26;14,02
12/8/23;Anketell;POSTANS, MANDOGALUP and ANKETELL;CITY OF KWINANA;26;14,02
12/8/23;Postans;POSTANS, MANDOGALUP and ANKETELL;CITY OF KWINANA;26;7,04
12/15/23;Stratton;MIDDLE SWAN and STRATTON;CITY OF SWAN;33;10,08
12/15/23;Middle Swan;MIDDLE SWAN and STRATTON;CITY OF SWAN;33;10,08
12/15/23;Stratton;MIDDLE SWAN and STRATTON;CITY OF SWAN;33;10,08
12/15/23;Middle Swan;MIDDLE SWAN and STRATTON;CITY OF SWAN;33;10,08
12/15/23;Jindalee;JINDALEE;CITY OF WANNEROO;32;14,02
12/22/23;The Spectacles;POSTANS and THE SPECTACLES;CITY OF KWINANA;31;14,02
12/22/23;Postans;POSTANS and THE SPECTACLES;CITY OF KWINANA;31;12,06
12/22/23;Mundaring;PARKERVILLE;SHIRE OF MUNDARING;33;14,02
12/22/23;Parkerville;PARKERVILLE;SHIRE OF MUNDARING;36;14,02
12/22/23;The Spectacles;POSTANS and THE SPECTACLES;CITY OF KWINANA;31;14,02
12/22/23;Postans;POSTANS and THE SPECTACLES;CITY OF KWINANA;31;12,06
12/22/23;Mundaring;PARKERVILLE;SHIRE OF MUNDARING;33;14,02
12/22/23;Parkerville;PARKERVILLE;SHIRE OF MUNDARING;36;14,02
12/22/23;Mundaring;PARKERVILLE;SHIRE OF MUNDARING;33;14,02
12/22/23;Parkerville;PARKERVILLE;SHIRE OF MUNDARING;36;14,02
12/22/23;Gidgegannup;BAILUP, GIDGEGANNUP and WOOROLOO;CITY OF SWAN and the SHIRE OF MUNDARING;32;12,06
12/22/23;Wooroloo;BAILUP, GIDGEGANNUP and WOOROLOO;CITY OF SWAN and the SHIRE OF MUNDARING;32;12,06
12/22/23;Bailup;BAILUP, GIDGEGANNUP and WOOROLOO;CITY OF SWAN and the SHIRE OF MUNDARING;32;11,01
12/22/23;Mundaring;BAILUP, GIDGEGANNUP and WOOROLOO;CITY OF SWAN and the SHIRE OF MUNDARING;33;14,02
12/29/23;Gidgegannup;BAILUP, GIDGEGANNUP and WOOROLOO;CITY OF SWAN and the SHIRE OF MUNDARING;33;10,02
12/29/23;Wooroloo;BAILUP, GIDGEGANNUP and WOOROLOO;CITY OF SWAN and the SHIRE OF MUNDARING;33;10,02
12/29/23;Bailup;BAILUP, GIDGEGANNUP and WOOROLOO;CITY OF SWAN and the SHIRE OF MUNDARING;33;10,02
12/29/23;Mundaring;BAILUP, GIDGEGANNUP and WOOROLOO;CITY OF SWAN and the SHIRE OF MUNDARING;31;14,02
2/9/24;Guildford;ASCOT, PERTH AIRPORT, REDCLIFFE and SOUTH GUILDFORD;TOWN of BASSENDEAN and CITIES of BELMONT and SWAN;43;14,02
2/9/24;Belmont;ASCOT, PERTH AIRPORT, REDCLIFFE and SOUTH GUILDFORD;TOWN of BASSENDEAN and CITIES of BELMONT and SWAN;42;14,02
2/9/24;Ascot;ASCOT, PERTH AIRPORT, REDCLIFFE and SOUTH GUILDFORD;TOWN of BASSENDEAN and CITIES of BELMONT and SWAN;42;14,02
2/9/24;Perth Airport;ASCOT, PERTH AIRPORT, REDCLIFFE and SOUTH GUILDFORD;TOWN of BASSENDEAN and CITIES of BELMONT and SWAN;43;14,02
2/9/24;Redcliffe;ASCOT, PERTH AIRPORT, REDCLIFFE and SOUTH GUILDFORD;TOWN of BASSENDEAN and CITIES of BELMONT and SWAN;42;14,02
2/9/24;South Guildford;ASCOT, PERTH AIRPORT, REDCLIFFE and SOUTH GUILDFORD;TOWN of BASSENDEAN and CITIES of BELMONT and SWAN;43;14,02
2/9/24;South Perth;ASCOT, PERTH AIRPORT, REDCLIFFE and SOUTH GUILDFORD;TOWN of BASSENDEAN and CITIES of BELMONT and SWAN;42;14,02
2/9/24;Guildford;ASCOT, PERTH AIRPORT, REDCLIFFE and SOUTH GUILDFORD;TOWN of BASSENDEAN and CITIES of BELMONT and SWAN;43;14,02
2/9/24;Belmont;ASCOT, PERTH AIRPORT, REDCLIFFE and SOUTH GUILDFORD;TOWN of BASSENDEAN and CITIES of BELMONT and SWAN;42;14,02
2/9/24;Ascot;ASCOT, PERTH AIRPORT, REDCLIFFE and SOUTH GUILDFORD;TOWN of BASSENDEAN and CITIES of BELMONT and SWAN;42;14,02
2/9/24;Perth Airport;ASCOT, PERTH AIRPORT, REDCLIFFE and SOUTH GUILDFORD;TOWN of BASSENDEAN and CITIES of BELMONT and SWAN;43;14,02
2/9/24;Redcliffe;ASCOT, PERTH AIRPORT, REDCLIFFE and SOUTH GUILDFORD;TOWN of BASSENDEAN and CITIES of BELMONT and SWAN;42;14,02
2/9/24;South Guildford;ASCOT, PERTH AIRPORT, REDCLIFFE and SOUTH GUILDFORD;TOWN of BASSENDEAN and CITIES of BELMONT and SWAN;43;14,02
2/9/24;South Perth;ASCOT, PERTH AIRPORT, REDCLIFFE and SOUTH GUILDFORD;TOWN of BASSENDEAN and CITIES of BELMONT and SWAN;42;14,02
2/9/24;Stratton;STRATTON, MIDDLE SWAN and MIDVALE;CITY OF SWAN;43;14,02
2/9/24;Middle Swan;STRATTON, MIDDLE SWAN and MIDVALE;CITY OF SWAN;43;14,02
2/9/24;Midvale;STRATTON, MIDDLE SWAN and MIDVALE;CITY OF SWAN;43;14,02
2/9/24;Jarrahdale;CASUARINA and OLDBURY;CITY OF KWINANA and SHIRE OF SERPENTINE JARRAHDALE;43;14,02
2/9/24;Casuarina;CASUARINA and OLDBURY;CITY OF KWINANA and SHIRE OF SERPENTINE JARRAHDALE;41;14,02
2/9/24;Oldbury;CASUARINA and OLDBURY;CITY OF KWINANA and SHIRE OF SERPENTINE JARRAHDALE;42;14,02
2/9/24;Serpentine;CASUARINA and OLDBURY;CITY OF KWINANA and SHIRE OF SERPENTINE JARRAHDALE;41;14,02
2/9/24;Bullsbrook;BULLSBROOK;CITY OF SWAN;44;14,02
2/9/24;Guildford;ASCOT, PERTH AIRPORT, REDCLIFFE and SOUTH GUILDFORD;TOWN of BASSENDEAN and CITIES of BELMONT and SWAN;43;14,02
2/9/24;Belmont;ASCOT, PERTH AIRPORT, REDCLIFFE and SOUTH GUILDFORD;TOWN of BASSENDEAN and CITIES of BELMONT and SWAN;43;14,02
2/9/24;Ascot;ASCOT, PERTH AIRPORT, REDCLIFFE and SOUTH GUILDFORD;TOWN of BASSENDEAN and CITIES of BELMONT and SWAN;42;14,02
2/9/24;Perth Airport;ASCOT, PERTH AIRPORT, REDCLIFFE and SOUTH GUILDFORD;TOWN of BASSENDEAN and CITIES of BELMONT and SWAN;43;14,02
2/9/24;Redcliffe;ASCOT, PERTH AIRPORT, REDCLIFFE and SOUTH GUILDFORD;TOWN of BASSENDEAN and CITIES of BELMONT and SWAN;42;14,02
2/9/24;South Guildford;ASCOT, PERTH AIRPORT, REDCLIFFE and SOUTH GUILDFORD;TOWN of BASSENDEAN and CITIES of BELMONT and SWAN;43;14,02
2/9/24;South Perth;ASCOT, PERTH AIRPORT, REDCLIFFE and SOUTH GUILDFORD;TOWN of BASSENDEAN and CITIES of BELMONT and SWAN;42;14,02
2/9/24;Bullsbrook;BULLSBROOK;CITY OF SWAN;44;14,02
2/9/24;Bullsbrook;BULLSBROOK;CITY OF SWAN;44;14,02
2/9/24;Jarrahdale;CASUARINA and OLDBURY;CITY OF KWINANA and SHIRE OF SERPENTINE JARRAHDALE;43;14,02
2/9/24;Casuarina;CASUARINA and OLDBURY;CITY OF KWINANA and SHIRE OF SERPENTINE JARRAHDALE;41;14,02
2/9/24;Oldbury;CASUARINA and OLDBURY;CITY OF KWINANA and SHIRE OF SERPENTINE JARRAHDALE;42;14,02
2/9/24;Serpentine;CASUARINA and OLDBURY;CITY OF KWINANA and SHIRE OF SERPENTINE JARRAHDALE;41;14,02
2/9/24;Bullsbrook;BULLSBROOK;CITY OF SWAN;44;14,02
2/9/24;Spearwood;SPEARWOOD, LAKE COOGEE, BIBRA LAKE and YANGEBUP;CITY OF COCKBURN;42;14,02
2/9/24;Bibra Lake;SPEARWOOD, LAKE COOGEE, BIBRA LAKE and YANGEBUP;CITY OF COCKBURN;42;14,02
2/9/24;Coogee;SPEARWOOD, LAKE COOGEE, BIBRA LAKE and YANGEBUP;CITY OF COCKBURN;42;14,02
2/9/24;Spearwood;SPEARWOOD, MUNSTER and LAKE COOGEE;CITY OF COCKBURN;42;14,02
2/9/24;Coogee;SPEARWOOD, MUNSTER and LAKE COOGEE;CITY OF COCKBURN;42;14,02
2/9/24;Munster;SPEARWOOD, MUNSTER and LAKE COOGEE;CITY OF COCKBURN;42;14,02
1/5/24;East Rockingham;EAST ROCKINGHAM;CITY OF ROCKINGHAM;28;14,02
1/5/24;Rockingham;EAST ROCKINGHAM;CITY OF ROCKINGHAM;28;14,02
1/12/24;Jarrahdale;JARRAHDALE;SHIRE OF SERPENTINE-JARRAHDALE;38;9,02
1/12/24;Oakford;OAKFORD;SHIRE OF SERPENTINE-JARRAHDALE;37;14,02
1/12/24;Serpentine;SERPENTINE;SHIRE OF SERPENTINE-JARRAHDALE;36;14,02
1/19/24;Hamersley;NANUTARRA and HAMERSLEY RANGE;SHIRE OF ASHBURTON;27;10,02
1/26/24;Southern River;the Collie River;SHIRES OF COLLIE AND DARDANUP;32;14,02
1/26/24;Southern River;the Collie River;SHIRES OF COLLIE AND DARDANUP;32;14,02
12/4/23;Hamersley;HAMERSLEY RANGE;SHIRE OF ASHBURTON;26;8
12/4/23;South Lake;Lake Muir Nature Reserve;Shire of Manjimup;26;8
12/4/23;Wanneroo;JANDABUP and MARIGINIUP;CITY OF WANNEROO;26;8
12/4/23;Mariginiup;JANDABUP and MARIGINIUP;CITY OF WANNEROO;29;14,02
12/4/23;South Lake;Lake Muir Nature Reserve;Shire of Manjimup;26;8
12/4/23;Hamersley;HAMERSLEY RANGE;SHIRE OF ASHBURTON;26;8
12/18/23;Kalamunda;KEWDALE, WATTLE GROVE and WELSHPOOL;CITIES OF BELMONT, CANNING and KALAMUNDA;30;14,02
12/18/23;Kewdale;KEWDALE, WATTLE GROVE and WELSHPOOL;CITIES OF BELMONT, CANNING and KALAMUNDA;31;13
12/18/23;Welshpool;KEWDALE, WATTLE GROVE and WELSHPOOL;CITIES OF BELMONT, CANNING and KALAMUNDA;31;13
12/18/23;Wattle Grove;KEWDALE, WATTLE GROVE and WELSHPOOL;CITIES OF BELMONT, CANNING and KALAMUNDA;30;14,02
12/18/23;Belmont;KEWDALE, WATTLE GROVE and WELSHPOOL;CITIES OF BELMONT, CANNING and KALAMUNDA;31;13
12/18/23;Kalamunda;KEWDALE, WATTLE GROVE and WELSHPOOL;CITIES OF BELMONT, CANNING and KALAMUNDA;30;14,02
12/18/23;Kewdale;KEWDALE, WATTLE GROVE and WELSHPOOL;CITIES OF BELMONT, CANNING and KALAMUNDA;31;13
12/18/23;Welshpool;KEWDALE, WATTLE GROVE and WELSHPOOL;CITIES OF BELMONT, CANNING and KALAMUNDA;31;13
12/18/23;Wattle Grove;KEWDALE, WATTLE GROVE and WELSHPOOL;CITIES OF BELMONT, CANNING and KALAMUNDA;30;14,02
12/18/23;Belmont;KEWDALE, WATTLE GROVE and WELSHPOOL;CITIES OF BELMONT, CANNING and KALAMUNDA;31;13
12/25/23;Mundaring;PARKERVILLE;SHIRE OF MUNDARING;38;14,02
12/25/23;Parkerville;PARKERVILLE;SHIRE OF MUNDARING;38;14,02
12/25/23;The Spectacles;POSTANS and THE SPECTACLES;CITY OF KWINANA;36;14,02
12/25/23;Postans;POSTANS and THE SPECTACLES;CITY OF KWINANA;37;9,04
12/25/23;Jarrahdale;KEYSBROOK and NORTH DANDALUP;SHIRES OF SERPENTINE-JARRAHDALE and MURRAY;38;9,04
12/25/23;Keysbrook;KEYSBROOK and NORTH DANDALUP;SHIRES OF SERPENTINE-JARRAHDALE and MURRAY;35;14,02
12/25/23;Serpentine;KEYSBROOK and NORTH DANDALUP;SHIRES OF SERPENTINE-JARRAHDALE and MURRAY;27;14,02
12/25/23;Gidgegannup;BAILUP, GIDGEGANNUP and WOOROLOO;CITY OF SWAN and the SHIRE OF MUNDARING;38;9,04
12/25/23;Wooroloo;BAILUP, GIDGEGANNUP and WOOROLOO;CITY OF SWAN and the SHIRE OF MUNDARING;38;9,04
12/25/23;Bailup;BAILUP, GIDGEGANNUP and WOOROLOO;CITY OF SWAN and the SHIRE OF MUNDARING;38;8,01
12/25/23;Mundaring;BAILUP, GIDGEGANNUP and WOOROLOO;CITY OF SWAN and the SHIRE OF MUNDARING;38;14,02
12/25/23;Mundaring;PARKERVILLE;SHIRE OF MUNDARING;38;14,02
12/25/23;Parkerville;PARKERVILLE;SHIRE OF MUNDARING;38;14,02
12/25/23;Gidgegannup;BAILUP, GIDGEGANNUP and WOOROLOO;CITY OF SWAN and the SHIRE OF MUNDARING;38;9,04
12/25/23;Wooroloo;BAILUP, GIDGEGANNUP and WOOROLOO;CITY OF SWAN and the SHIRE OF MUNDARING;38;9,04
12/25/23;Bailup;BAILUP, GIDGEGANNUP and WOOROLOO;CITY OF SWAN and the SHIRE OF MUNDARING;38;8,01
12/25/23;Mundaring;BAILUP, GIDGEGANNUP and WOOROLOO;CITY OF SWAN and the SHIRE OF MUNDARING;38;14,02
12/25/23;The Spectacles;POSTANS and THE SPECTACLES;CITY OF KWINANA;36;14,02
12/25/23;Postans;POSTANS and THE SPECTACLES;CITY OF KWINANA;37;9,04
12/25/23;Jarrahdale;KEYSBROOK and NORTH DANDALUP;SHIRES OF SERPENTINE-JARRAHDALE and MURRAY;38;9,04
12/25/23;Keysbrook;KEYSBROOK and NORTH DANDALUP;SHIRES OF SERPENTINE-JARRAHDALE and MURRAY;35;14,02
12/25/23;Serpentine;KEYSBROOK and NORTH DANDALUP;SHIRES OF SERPENTINE-JARRAHDALE and MURRAY;27;14,02
2/5/24;Swan View;STRATTON and parts of MIDVALE and SWAN VIEW;CITY OF SWAN;28;14,02
2/5/24;Stratton;STRATTON and parts of MIDVALE and SWAN VIEW;CITY OF SWAN;28;10
2/5/24;Midvale;STRATTON and parts of MIDVALE and SWAN VIEW;CITY OF SWAN;28;14,02
2/5/24;Stratton;STRATTON, MIDDLE SWAN and MIDVALE;CITY OF SWAN;28;10
2/5/24;Middle Swan;STRATTON, MIDDLE SWAN and MIDVALE;CITY OF SWAN;28;10
2/5/24;Midvale;STRATTON, MIDDLE SWAN and MIDVALE;CITY OF SWAN;28;14,02
2/5/24;Stratton;STRATTON, MIDDLE SWAN and MIDVALE;CITY OF SWAN;28;10
2/5/24;Middle Swan;STRATTON, MIDDLE SWAN and MIDVALE;CITY OF SWAN;28;10
2/5/24;Midvale;STRATTON, MIDDLE SWAN and MIDVALE;CITY OF SWAN;28;14,02
2/5/24;Stratton;STRATTON, MIDDLE SWAN and MIDVALE;CITY OF SWAN;28;10
2/5/24;Middle Swan;STRATTON, MIDDLE SWAN and MIDVALE;CITY OF SWAN;28;10
2/5/24;Midvale;STRATTON, MIDDLE SWAN and MIDVALE;CITY OF SWAN;28;14,02
2/12/24;Bullsbrook;BULLSBROOK;CITY OF SWAN;38;14,02
1/1/24;Jarrahdale;DARLING DOWNS;SHIRE OF SERPENTINE-JARRAHDALE;30;9
1/1/24;Darling Downs;DARLING DOWNS;SHIRE OF SERPENTINE-JARRAHDALE;27;14,02
1/1/24;Serpentine;DARLING DOWNS;SHIRE OF SERPENTINE-JARRAHDALE;24;14,02
1/1/24;Jarrahdale;DARLING DOWNS;SHIRE OF SERPENTINE-JARRAHDALE;30;9
1/1/24;Darling Downs;DARLING DOWNS;SHIRE OF SERPENTINE-JARRAHDALE;27;14,02
1/1/24;Serpentine;DARLING DOWNS;SHIRE OF SERPENTINE-JARRAHDALE;24;14,02
1/15/24;South Lake;Lake Muir Nature Reserve;SHIRE OF MANJIMUP;36;11
1/15/24;Yanchep;BAMBUN, MUCHEA, PINJAR, YANCHEP, YEAL;CITY OF WANNEROO and the SHIRES OF GINGIN and CHITTERING;38;14,02
1/15/24;Wanneroo;BAMBUN, MUCHEA, PINJAR, YANCHEP, YEAL;CITY OF WANNEROO and the SHIRES OF GINGIN and CHITTERING;34;11
1/15/24;Pinjar;BAMBUN, MUCHEA, PINJAR, YANCHEP, YEAL;CITY OF WANNEROO and the SHIRES OF GINGIN and CHITTERING;36;11
1/15/24;Yanchep;BAMBUN, MUCHEA, PINJAR, YANCHEP, YEAL;CITY OF WANNEROO and the SHIRES OF GINGIN and CHITTERING.;38;14,02
1/15/24;Wanneroo;BAMBUN, MUCHEA, PINJAR, YANCHEP, YEAL;CITY OF WANNEROO and the SHIRES OF GINGIN and CHITTERING.;34;11
1/15/24;Pinjar;BAMBUN, MUCHEA, PINJAR, YANCHEP, YEAL;CITY OF WANNEROO and the SHIRES OF GINGIN and CHITTERING.;36;11
1/15/24;Jarrahdale;OAKFORD;SHIRE OF SERPENTINE-JARRAHDALE;38;11
1/15/24;Oakford;OAKFORD;SHIRE OF SERPENTINE-JARRAHDALE;34;14,02
1/15/24;Serpentine;OAKFORD;SHIRE OF SERPENTINE-JARRAHDALE;33;14,02
1/15/24;Jarrahdale;OAKFORD;SHIRE OF SERPENTINE-JARRAHDALE;38;11
1/15/24;Oakford;OAKFORD;SHIRE OF SERPENTINE-JARRAHDALE;34;14,02
1/15/24;Serpentine;OAKFORD;SHIRE OF SERPENTINE-JARRAHDALE;33;14,02
1/22/24;Gnangara;MUCHEA and PINJAR;SHIRE OF CHITTERING and CITY OF WANNEROO;28;10,02
1/22/24;Wanneroo;MUCHEA and PINJAR;SHIRE OF CHITTERING and CITY OF WANNEROO;28;10,02
1/22/24;Pinjar;MUCHEA and PINJAR;SHIRE OF CHITTERING and CITY OF WANNEROO;29;10,02
12/9/23;Bullsbrook;BULLSBROOK;CITY OF SWAN;29;14,02
12/9/23;South Lake;Lake Muir Nature Reserve;Shire of Manjimup;29;10,02
12/9/23;Bullsbrook;BULLSBROOK;CITY OF SWAN;29;14,02
12/9/23;South Lake;Lake Muir Nature Reserve;Shire of Manjimup;29;10,02
12/9/23;Ellenbrook;ELLENBROOK;CITY OF SWAN;28;10,02
12/9/23;Ellenbrook;ELLENBROOK;CITY OF SWAN;28;10,02
12/23/23;Mundaring;PARKERVILLE;SHIRE OF MUNDARING;36;14,02
12/23/23;Parkerville;PARKERVILLE;SHIRE OF MUNDARING;36;14,02
12/23/23;The Spectacles;POSTANS and THE SPECTACLES;CITY OF KWINANA;36;14,02
12/23/23;Postans;POSTANS and THE SPECTACLES;CITY OF KWINANA;35;8,04
12/23/23;Gidgegannup;BAILUP, GIDGEGANNUP and WOOROLOO;CITY OF SWAN and the SHIRE OF MUNDARING;35;8,04
12/23/23;Wooroloo;BAILUP, GIDGEGANNUP and WOOROLOO;CITY OF SWAN and the SHIRE OF MUNDARING;35;8,04
12/23/23;Bailup;BAILUP, GIDGEGANNUP and WOOROLOO;CITY OF SWAN and the SHIRE OF MUNDARING;35;7,01
12/23/23;Mundaring;BAILUP, GIDGEGANNUP and WOOROLOO;CITY OF SWAN and the SHIRE OF MUNDARING;36;14,02
12/23/23;Gidgegannup;BAILUP, GIDGEGANNUP and WOOROLOO;CITY OF SWAN and the SHIRE OF MUNDARING;35;8,04
12/23/23;Wooroloo;BAILUP, GIDGEGANNUP and WOOROLOO;CITY OF SWAN and the SHIRE OF MUNDARING;35;8,04
12/23/23;Bailup;BAILUP, GIDGEGANNUP and WOOROLOO;CITY OF SWAN and the SHIRE OF MUNDARING;35;7,01
12/23/23;Mundaring;BAILUP, GIDGEGANNUP and WOOROLOO;CITY OF SWAN and the SHIRE OF MUNDARING;36;14,02
12/23/23;Mundaring;PARKERVILLE;SHIRE OF MUNDARING;36;14,02
12/23/23;Parkerville;PARKERVILLE;SHIRE OF MUNDARING;36;14,02
12/23/23;The Spectacles;POSTANS and THE SPECTACLES;CITY OF KWINANA;36;14,02
12/23/23;Postans;POSTANS and THE SPECTACLES;CITY OF KWINANA;35;8,04
12/23/23;Jarrahdale;KEYSBROOK, NAMBEELUP and NORTH DANDALUP;SHIRES OF SERPENTINE-JARRAHDALE and MURRAY;35;8,04
12/23/23;Keysbrook;KEYSBROOK, NAMBEELUP and NORTH DANDALUP;SHIRES OF SERPENTINE-JARRAHDALE and MURRAY;31;14,02
12/23/23;Serpentine;KEYSBROOK, NAMBEELUP and NORTH DANDALUP;SHIRES OF SERPENTINE-JARRAHDALE and MURRAY;27;14,02
2/10/24;Bullsbrook;BULLSBROOK;CITY OF SWAN;44;14,02
2/10/24;Spearwood;SPEARWOOD and LAKE COOGEE;CITY OF COCKBURN;42;14,02
2/10/24;Coogee;SPEARWOOD and LAKE COOGEE;CITY OF COCKBURN;42;14,02
2/10/24;Bullsbrook;BULLSBROOK;CITY OF SWAN;44;14,02
1/13/24;South Lake;Lake Muir Nature Reserve;SHIRE OF MANJIMUP;41;11
1/13/24;Gnangara;Gnangara-Moore River State Forest near Pinjar;CITY OF WANNEROO and SHIRE OF CHITTERING;40;11
1/13/24;Wanneroo;Gnangara-Moore River State Forest near Pinjar;CITY OF WANNEROO and SHIRE OF CHITTERING;40;11
1/13/24;Pinjar;Gnangara-Moore River State Forest near Pinjar;CITY OF WANNEROO and SHIRE OF CHITTERING;41;11
1/13/24;Yanchep;BAMBUN, MUCHEA, YANCHEP and YEAL;SHIRES OF GINGIN and CHITTERING and the CITY OF WANNEROO;43;14,02
1/13/24;Wanneroo;BAMBUN, MUCHEA, YANCHEP and YEAL;SHIRES OF GINGIN and CHITTERING and the CITY OF WANNEROO;40;11
1/13/24;Success;BEELIAR and SUCCESS;CITY OF COCKBURN;40;14,02
1/13/24;Beeliar;BEELIAR and SUCCESS;CITY OF COCKBURN;40;14,02
1/13/24;Gnangara;Gnangara-Moore River State Forest near Pinjar;CITY OF WANNEROO and SHIRE OF CHITTERING;40;11
1/13/24;Wanneroo;Gnangara-Moore River State Forest near Pinjar;CITY OF WANNEROO and SHIRE OF CHITTERING;40;11
1/13/24;Pinjar;Gnangara-Moore River State Forest near Pinjar;CITY OF WANNEROO and SHIRE OF CHITTERING;41;11
1/13/24;South Lake;Lake Muir Nature Reserve;SHIRE OF MANJIMUP;41;11
1/27/24;Southern River;the Collie River;SHIRES OF COLLIE AND DARDANUP;32;14,02
1/27/24;Southern River;the Collie River;SHIRES OF COLLIE AND DARDANUP;32;14,02
12/3/23;South Lake;Lake Muir Nature Reserve;Shire of Manjimup;27;6,08
12/3/23;Wanneroo;JANDABUP and MARIGINIUP;CITY OF WANNEROO;26;6,08
12/3/23;Mariginiup;JANDABUP and MARIGINIUP;CITY OF WANNEROO;28;14,02
12/3/23;Hamersley;HAMERSLEY RANGE;SHIRE OF ASHBURTON;26;6,08
12/3/23;Wanneroo;JANDABUP and MARIGINIUP;CITY OF WANNEROO;26;6,08
12/3/23;Mariginiup;JANDABUP and MARIGINIUP;CITY OF WANNEROO;28;14,02
12/3/23;Hamersley;HAMERSLEY RANGE;SHIRE OF ASHBURTON;26;6,08
12/10/23;South Lake;Lake Muir Nature Reserve;Shire of Manjimup;31;10,08
12/10/23;Bullsbrook;BULLSBROOK;CITY OF SWAN;31;14,02
12/10/23;Jarrahdale;OLDBURY and WELLARD;SHIRE OF SERPENTINE-JARRAHDALE and the CITY OF KWINANA;31;10,08
12/10/23;Wellard;OLDBURY and WELLARD;SHIRE OF SERPENTINE-JARRAHDALE and the CITY OF KWINANA;31;14,02
12/10/23;Oldbury;OLDBURY and WELLARD;SHIRE OF SERPENTINE-JARRAHDALE and the CITY OF KWINANA;31;14,02
12/10/23;Serpentine;OLDBURY and WELLARD;SHIRE OF SERPENTINE-JARRAHDALE and the CITY OF KWINANA;31;14,02
12/10/23;South Lake;Lake Muir Nature Reserve;Shire of Manjimup;31;10,08
12/17/23;Bullsbrook;BULLSBROOK;CITY OF SWAN;35;14,02
12/17/23;Bullsbrook;BULLSBROOK;CITY OF SWAN;35;14,02
12/24/23;Jarrahdale;KEYSBROOK and NORTH DANDALUP;SHIRES OF SERPENTINE-JARRAHDALE and MURRAY;36;12,08
12/24/23;Keysbrook;KEYSBROOK and NORTH DANDALUP;SHIRES OF SERPENTINE-JARRAHDALE and MURRAY;33;14,02
12/24/23;Serpentine;KEYSBROOK and NORTH DANDALUP;SHIRES OF SERPENTINE-JARRAHDALE and MURRAY;31;14,02
12/24/23;The Spectacles;POSTANS and THE SPECTACLES;CITY OF KWINANA;34;14,02
12/24/23;Postans;POSTANS and THE SPECTACLES;CITY OF KWINANA;36;12,08
12/24/23;Mundaring;PARKERVILLE;SHIRE OF MUNDARING;36;14,02
12/24/23;Parkerville;PARKERVILLE;SHIRE OF MUNDARING;36;14,02
12/24/23;Gidgegannup;BAILUP, GIDGEGANNUP and WOOROLOO;CITY OF SWAN and the SHIRE OF MUNDARING;36;12,08
12/24/23;Wooroloo;BAILUP, GIDGEGANNUP and WOOROLOO;CITY OF SWAN and the SHIRE OF MUNDARING;36;12,08
12/24/23;Bailup;BAILUP, GIDGEGANNUP and WOOROLOO;CITY OF SWAN and the SHIRE OF MUNDARING;36;11,01
12/24/23;Mundaring;BAILUP, GIDGEGANNUP and WOOROLOO;CITY OF SWAN and the SHIRE OF MUNDARING;36;14,02
12/24/23;Jarrahdale;KEYSBROOK and NORTH DANDALUP;SHIRES OF SERPENTINE-JARRAHDALE and MURRAY;36;12,08
12/24/23;Keysbrook;KEYSBROOK and NORTH DANDALUP;SHIRES OF SERPENTINE-JARRAHDALE and MURRAY;33;14,02
12/24/23;Serpentine;KEYSBROOK and NORTH DANDALUP;SHIRES OF SERPENTINE-JARRAHDALE and MURRAY;31;14,02
12/24/23;South Lake;Lake Muir Nature Reserve;Shire of Manjimup;36;12,08
12/24/23;The Spectacles;POSTANS and THE SPECTACLES;CITY OF KWINANA;34;14,02
12/24/23;Postans;POSTANS and THE SPECTACLES;CITY OF KWINANA;36;12,08
12/24/23;Mundaring;PARKERVILLE;SHIRE OF MUNDARING;36;14,02
12/24/23;Parkerville;PARKERVILLE;SHIRE OF MUNDARING;36;14,02
12/24/23;Jarrahdale;KEYSBROOK and NORTH DANDALUP;SHIRES OF SERPENTINE-JARRAHDALE and MURRAY;36;12,08
12/24/23;Keysbrook;KEYSBROOK and NORTH DANDALUP;SHIRES OF SERPENTINE-JARRAHDALE and MURRAY;33;14,02
12/24/23;Serpentine;KEYSBROOK and NORTH DANDALUP;SHIRES OF SERPENTINE-JARRAHDALE and MURRAY;31;14,02
12/24/23;Gidgegannup;BAILUP, GIDGEGANNUP and WOOROLOO;CITY OF SWAN and the SHIRE OF MUNDARING;36;12,08
12/24/23;Wooroloo;BAILUP, GIDGEGANNUP and WOOROLOO;CITY OF SWAN and the SHIRE OF MUNDARING;36;12,08
12/24/23;Bailup;BAILUP, GIDGEGANNUP and WOOROLOO;CITY OF SWAN and the SHIRE OF MUNDARING;36;11,01
12/24/23;Mundaring;BAILUP, GIDGEGANNUP and WOOROLOO;CITY OF SWAN and the SHIRE OF MUNDARING;36;14,02
12/24/23;Kalamunda;WATTLE GROVE;CITY OF KALAMUNDA;36;14,02
12/24/23;Wattle Grove;WATTLE GROVE;CITY OF KALAMUNDA;36;14,02
12/24/23;Kalamunda;WATTLE GROVE;CITY OF KALAMUNDA;36;14,02
12/24/23;Wattle Grove;WATTLE GROVE;CITY OF KALAMUNDA;36;14,02
12/24/23;Jarrahdale;KEYSBROOK and NORTH DANDALUP;SHIRES OF SERPENTINE-JARRAHDALE and MURRAY;36;12,08
12/24/23;Keysbrook;KEYSBROOK and NORTH DANDALUP;SHIRES OF SERPENTINE-JARRAHDALE and MURRAY;33;14,02
12/24/23;Serpentine;KEYSBROOK and NORTH DANDALUP;SHIRES OF SERPENTINE-JARRAHDALE and MURRAY;31;14,02
12/31/23;South Lake;Lake Muir Nature Reserve;SHIRE OF MANJIMUP;33;9
2/4/24;Swan View;STRATTON and parts of MIDVALE and SWAN VIEW;CITY OF SWAN and SHIRE OF MUNDARING;28;14,02
2/4/24;Stratton;STRATTON and parts of MIDVALE and SWAN VIEW;CITY OF SWAN and SHIRE OF MUNDARING;28;11
2/4/24;Mundaring;STRATTON and parts of MIDVALE and SWAN VIEW;CITY OF SWAN and SHIRE OF MUNDARING;27;11
2/4/24;Midvale;STRATTON and parts of MIDVALE and SWAN VIEW;CITY OF SWAN and SHIRE OF MUNDARING;28;14,02
2/4/24;Swan View;STRATTON and parts of MIDVALE and SWAN VIEW;CITY OF SWAN;28;14,02
2/4/24;Stratton;STRATTON and parts of MIDVALE and SWAN VIEW;CITY OF SWAN;28;11
2/4/24;Midvale;STRATTON and parts of MIDVALE and SWAN VIEW;CITY OF SWAN;28;14,02
2/11/24;Bullsbrook;BULLSBROOK;CITY OF SWAN;42;14,02
2/11/24;Bullsbrook;BULLSBROOK;CITY OF SWAN;42;14,02
2/18/24;Gwelup;GWELUP;CITY OF STIRLING;42;10,04
2/18/24;Stirling;GWELUP;CITY OF STIRLING;42;10,04
2/18/24;Karrinyup;GWELUP and KARRINYUP;CITY OF STIRLING;42;10,04
2/18/24;Gwelup;GWELUP and KARRINYUP;CITY OF STIRLING;42;10,04
2/18/24;Stirling;GWELUP and KARRINYUP;CITY OF STIRLING;42;10,04
2/18/24;Karrinyup;GWELUP and KARRINYUP;CITY OF STIRLING;42;10,04
2/18/24;Gwelup;GWELUP and KARRINYUP;CITY OF STIRLING;42;10,04
2/18/24;Stirling;GWELUP and KARRINYUP;CITY OF STIRLING;42;10,04
2/18/24;Karrinyup;GWELUP and KARRINYUP;CITY OF STIRLING;42;10,04
2/18/24;Gwelup;GWELUP and KARRINYUP;CITY OF STIRLING;42;10,04
2/18/24;Stirling;GWELUP and KARRINYUP;CITY OF STIRLING;42;10,04
1/7/24;Yanchep;CARABOODA and YANCHEP;CITY OF WANNEROO;38;14,02
1/7/24;Wanneroo;CARABOODA and YANCHEP;CITY OF WANNEROO;36;9,02
1/7/24;Carabooda;CARABOODA and YANCHEP;CITY OF WANNEROO;38;14,02
1/7/24;Jarrahdale;OLDBURY;SHIRE OF SERPENTINE-JARRAHDALE;37;9,02
1/7/24;Oldbury;OLDBURY;SHIRE OF SERPENTINE-JARRAHDALE;35;14,02
1/7/24;Serpentine;OLDBURY;SHIRE OF SERPENTINE-JARRAHDALE;30;14,02
1/7/24;East Rockingham;EAST ROCKINGHAM;CITY OF ROCKINGHAM;30;14,02
1/7/24;Rockingham;EAST ROCKINGHAM;CITY OF ROCKINGHAM;30;14,02
1/7/24;East Rockingham;EAST ROCKINGHAM;CITY OF ROCKINGHAM;30;14,02
1/7/24;Rockingham;EAST ROCKINGHAM;CITY OF ROCKINGHAM;37;9,02
1/7/24;Yanchep;Yanchep National Park;CITY OF WANNEROO;38;14,02
1/7/24;Wanneroo;Yanchep National Park;CITY OF WANNEROO;36;9,02
1/14/24;South Lake;Lake Muir Nature Reserve;SHIRE OF MANJIMUP;41;11,02
1/14/24;Gnangara;Gnangara-Moore River State Forest near Pinjar;CITY OF WANNEROO and SHIRE OF CHITTERING;36;11,02
1/14/24;Wanneroo;Gnangara-Moore River State Forest near Pinjar;CITY OF WANNEROO and SHIRE OF CHITTERING;36;11,02
1/14/24;Pinjar;Gnangara-Moore River State Forest near Pinjar;CITY OF WANNEROO and SHIRE OF CHITTERING;41;11,02
1/14/24;South Lake;Lake Muir Nature Reserve;SHIRE OF MANJIMUP;41;11,02
1/14/24;Gnangara;Gnangara-Moore River State Forest near Pinjar;CITY OF WANNEROO and SHIRE OF CHITTERING;36;11,02
1/14/24;Wanneroo;Gnangara-Moore River State Forest near Pinjar;CITY OF WANNEROO and SHIRE OF CHITTERING;36;11,02
1/14/24;Pinjar;Gnangara-Moore River State Forest near Pinjar;CITY OF WANNEROO and SHIRE OF CHITTERING;41;11,02
1/28/24;Southern River;the Collie River;SHIRES OF COLLIE AND DARDANUP;28;14,02
1/28/24;Southern River;the Collie River;SHIRES OF COLLIE AND DARDANUP;28;14,02
12/7/23;Hamersley;HAMERSLEY RANGE;SHIRE OF ASHBURTON;25;10,04
12/7/23;Postans;POSTANS;CITY OF KWINANA;27;10,04
12/7/23;Hamersley;HAMERSLEY RANGE;SHIRE OF ASHBURTON;25;10,04
12/7/23;Postans;POSTANS;CITY OF KWINANA;27;10,04
12/21/23;Kwinana Town Centre;BERTRAM, KWINANA TOWN CENTRE, ORELIA, PARMELIA, POSTANS and THE SPECTACLES;CITY OF KWINANA;35;14,02
12/21/23;The Spectacles;BERTRAM, KWINANA TOWN CENTRE, ORELIA, PARMELIA, POSTANS and THE SPECTACLES;CITY OF KWINANA;36;14,02
12/21/23;Bertram;BERTRAM, KWINANA TOWN CENTRE, ORELIA, PARMELIA, POSTANS and THE SPECTACLES;CITY OF KWINANA;35;14,02
12/21/23;Postans;BERTRAM, KWINANA TOWN CENTRE, ORELIA, PARMELIA, POSTANS and THE SPECTACLES;CITY OF KWINANA;38;22,08
12/21/23;Orelia;BERTRAM, KWINANA TOWN CENTRE, ORELIA, PARMELIA, POSTANS and THE SPECTACLES;CITY OF KWINANA;35;14,02
12/21/23;Parmelia;BERTRAM, KWINANA TOWN CENTRE, ORELIA, PARMELIA, POSTANS and THE SPECTACLES;CITY OF KWINANA;35;14,02
12/21/23;The Spectacles;POSTANS and THE SPECTACLES;CITY OF KWINANA;36;14,02
12/21/23;Postans;POSTANS and THE SPECTACLES;CITY OF KWINANA;38;22,08
12/21/23;The Spectacles;POSTANS and THE SPECTACLES;CITY OF KWINANA;36;14,02
12/21/23;Postans;POSTANS and THE SPECTACLES;CITY OF KWINANA;38;22,08
12/28/23;Gidgegannup;BAILUP, GIDGEGANNUP and WOOROLOO;CITY OF SWAN and the SHIRE OF MUNDARING;30;9,02
12/28/23;Wooroloo;BAILUP, GIDGEGANNUP and WOOROLOO;CITY OF SWAN and the SHIRE OF MUNDARING;30;9,02
12/28/23;Bailup;BAILUP, GIDGEGANNUP and WOOROLOO;CITY OF SWAN and the SHIRE OF MUNDARING;30;9,02
12/28/23;Mundaring;BAILUP, GIDGEGANNUP and WOOROLOO;CITY OF SWAN and the SHIRE OF MUNDARING;30;14,02
12/28/23;South Lake;Lake Muir Nature Reserve;SHIRE OF MANJIMUP;31;9,02
12/28/23;Armadale;ROLEYSTONE;CITY OF ARMADALE;30;14,02
12/28/23;Roleystone;ROLEYSTONE;CITY OF ARMADALE;27;14,02
12/28/23;Gidgegannup;BAILUP, GIDGEGANNUP and WOOROLOO;CITY OF SWAN and the SHIRE OF MUNDARING;30;9,02
12/28/23;Wooroloo;BAILUP, GIDGEGANNUP and WOOROLOO;CITY OF SWAN and the SHIRE OF MUNDARING;30;9,02
12/28/23;Bailup;BAILUP, GIDGEGANNUP and WOOROLOO;CITY OF SWAN and the SHIRE OF MUNDARING;30;9,02
12/28/23;Mundaring;BAILUP, GIDGEGANNUP and WOOROLOO;CITY OF SWAN and the SHIRE OF MUNDARING;30;14,02
2/1/24;Southern River;the Collie River;SHIRES OF COLLIE AND DARDANUP;41;14,02
2/1/24;Southern River;the Collie River;SHIRES OF COLLIE AND DARDANUP;41;14,02
2/8/24;Bullsbrook;BULLSBROOK;CITY OF SWAN;41;14,02
2/8/24;Bullsbrook;BULLSBROOK;CITY OF SWAN;41;14,02
2/8/24;Stratton;STRATTON, MIDDLE SWAN and MIDVALE;CITY OF SWAN;40;11,08
2/8/24;Middle Swan;STRATTON, MIDDLE SWAN and MIDVALE;CITY OF SWAN;40;11,08
2/8/24;Midvale;STRATTON, MIDDLE SWAN and MIDVALE;CITY OF SWAN;40;14,02
2/8/24;Casuarina;CASUARINA and OLDBURY;CITY OF KWINANA;36;14,02
2/8/24;Oldbury;CASUARINA and OLDBURY;CITY OF KWINANA;40;14,02
2/8/24;Jarrahdale;CASUARINA and OLDBURY;CITY OF KWINANA and SHIRE OF SERPENTINE JARRAHDALE;40;11,08
2/8/24;Casuarina;CASUARINA and OLDBURY;CITY OF KWINANA and SHIRE OF SERPENTINE JARRAHDALE;36;14,02
2/8/24;Oldbury;CASUARINA and OLDBURY;CITY OF KWINANA and SHIRE OF SERPENTINE JARRAHDALE;40;14,02
2/8/24;Serpentine;CASUARINA and OLDBURY;CITY OF KWINANA and SHIRE OF SERPENTINE JARRAHDALE;36;14,02
2/8/24;Jarrahdale;CASUARINA and OLDBURY;CITY OF KWINANA and SHIRE OF SERPENTINE JARRAHDALE;40;11,08
2/8/24;Casuarina;CASUARINA and OLDBURY;CITY OF KWINANA and SHIRE OF SERPENTINE JARRAHDALE;36;14,02
2/8/24;Oldbury;CASUARINA and OLDBURY;CITY OF KWINANA and SHIRE OF SERPENTINE JARRAHDALE;40;14,02
2/8/24;Serpentine;CASUARINA and OLDBURY;CITY OF KWINANA and SHIRE OF SERPENTINE JARRAHDALE;36;14,02
2/8/24;Stratton;STRATTON, MIDDLE SWAN and MIDVALE;CITY OF SWAN;40;11,08
2/8/24;Middle Swan;STRATTON, MIDDLE SWAN and MIDVALE;CITY OF SWAN;40;11,08
2/8/24;Midvale;STRATTON, MIDDLE SWAN and MIDVALE;CITY OF SWAN;40;14,02
2/8/24;Jarrahdale;CASUARINA and OLDBURY;CITY OF KWINANA and SHIRE OF SERPENTINE JARRAHDALE;40;11,08
2/8/24;Casuarina;CASUARINA and OLDBURY;CITY OF KWINANA and SHIRE OF SERPENTINE JARRAHDALE;36;14,02
2/8/24;Oldbury;CASUARINA and OLDBURY;CITY OF KWINANA and SHIRE OF SERPENTINE JARRAHDALE;40;14,02
2/8/24;Serpentine;CASUARINA and OLDBURY;CITY OF KWINANA and SHIRE OF SERPENTINE JARRAHDALE;36;14,02
2/8/24;Bullsbrook;BULLSBROOK;CITY OF SWAN;41;14,02
2/8/24;Bullsbrook;BULLSBROOK;CITY OF SWAN;41;14,02
2/22/24;Eglinton;EGLINTON and YANCHEP;CITY OF WANNEROO;32;8,06
2/22/24;Yanchep;EGLINTON and YANCHEP;CITY OF WANNEROO;32;14,02
2/22/24;Wanneroo;EGLINTON and YANCHEP;CITY OF WANNEROO;32;8,06
2/22/24;Eglinton;EGLINTON and YANCHEP;CITY OF WANNEROO;32;8,06
2/22/24;Yanchep;EGLINTON and YANCHEP;CITY OF WANNEROO;32;14,02
2/22/24;Wanneroo;EGLINTON and YANCHEP;CITY OF WANNEROO;32;8,06
2/29/24;Wanneroo;NEERABUP and NOWERGUP;CITY OF WANNEROO;33;7,08
2/29/24;Nowergup;NEERABUP and NOWERGUP;CITY OF WANNEROO;36;7,08
2/29/24;Neerabup;NEERABUP and NOWERGUP;CITY OF WANNEROO;37;14,02
2/29/24;Karnup;KARNUP and BALDIVIS;CITY OF ROCKINGHAM;37;7,08
2/29/24;Baldivis;KARNUP and BALDIVIS;CITY OF ROCKINGHAM;33;14,02
2/29/24;Rockingham;KARNUP and BALDIVIS;CITY OF ROCKINGHAM;24;14,02
2/29/24;Karnup;KARNUP and BALDIVIS;CITY OF ROCKINGHAM;37;7,08
2/29/24;Baldivis;KARNUP and BALDIVIS;CITY OF ROCKINGHAM;33;14,02
2/29/24;Rockingham;KARNUP and BALDIVIS;CITY OF ROCKINGHAM;24;14,02
2/29/24;Wanneroo;NEERABUP and NOWERGUP;CITY OF WANNEROO;33;7,08
2/29/24;Nowergup;NEERABUP and NOWERGUP;CITY OF WANNEROO;36;7,08
2/29/24;Neerabup;NEERABUP and NOWERGUP;CITY OF WANNEROO;37;14,02
2/29/24;Karnup;KARNUP and BALDIVIS;CITY OF ROCKINGHAM;37;7,08
2/29/24;Baldivis;KARNUP and BALDIVIS;CITY OF ROCKINGHAM;33;14,02
2/29/24;Rockingham;KARNUP and BALDIVIS;CITY OF ROCKINGHAM;24;14,02
2/29/24;Karnup;KARNUP and BALDIVIS;CITY OF ROCKINGHAM;37;7,08
2/29/24;Baldivis;KARNUP and BALDIVIS;CITY OF ROCKINGHAM;33;14,02
2/29/24;Rockingham;KARNUP and BALDIVIS;CITY OF ROCKINGHAM;24;14,02
2/29/24;Bertram;BERTRAM;CITY OF KWINANA;24;14,02
1/4/24;East Rockingham;EAST ROCKINGHAM;CITY OF ROCKINGHAM;31;14,02
1/4/24;Rockingham;EAST ROCKINGHAM;CITY OF ROCKINGHAM;31;14,02
1/18/24;Hamersley;NANUTARRA and HAMERSLEY RANGE;SHIRE OF ASHBURTON;26;10
1/18/24;Hamersley;NANUTARRA and HAMERSLEY RANGE;SHIRE OF ASHBURTON;26;10
12/5/23;Hamersley;HAMERSLEY RANGE;SHIRE OF ASHBURTON;28;8,04
12/5/23;Hamersley;HAMERSLEY RANGE;SHIRE OF ASHBURTON;28;8,04
12/26/23;South Lake;Lake Muir Nature Reserve;SHIRE OF MANJIMUP;28;10,06
12/26/23;Gidgegannup;BAILUP, GIDGEGANNUP and WOOROLOO;CITY OF SWAN and the SHIRE OF MUNDARING;28;10,06
12/26/23;Wooroloo;BAILUP, GIDGEGANNUP and WOOROLOO;CITY OF SWAN and the SHIRE OF MUNDARING;28;10,06
12/26/23;Bailup;BAILUP, GIDGEGANNUP and WOOROLOO;CITY OF SWAN and the SHIRE OF MUNDARING;27;9,01
12/26/23;Mundaring;BAILUP, GIDGEGANNUP and WOOROLOO;CITY OF SWAN and the SHIRE OF MUNDARING;28;14,02
12/26/23;Mundaring;PARKERVILLE;SHIRE OF MUNDARING;28;14,02
12/26/23;Parkerville;PARKERVILLE;SHIRE OF MUNDARING;28;14,02
12/26/23;Jarrahdale;KEYSBROOK and NORTH DANDALUP;SHIRES OF SERPENTINE-JARRAHDALE and MURRAY;28;10,06
12/26/23;Keysbrook;KEYSBROOK and NORTH DANDALUP;SHIRES OF SERPENTINE-JARRAHDALE and MURRAY;27;14,02
12/26/23;Serpentine;KEYSBROOK and NORTH DANDALUP;SHIRES OF SERPENTINE-JARRAHDALE and MURRAY;24;14,02
12/26/23;South Lake;Lake Muir Nature Reserve;SHIRE OF MANJIMUP;28;10,06
12/26/23;Jarrahdale;KEYSBROOK and NORTH DANDALUP;SHIRES OF SERPENTINE-JARRAHDALE and MURRAY;28;10,06
12/26/23;Keysbrook;KEYSBROOK and NORTH DANDALUP;SHIRES OF SERPENTINE-JARRAHDALE and MURRAY;27;14,02
12/26/23;Serpentine;KEYSBROOK and NORTH DANDALUP;SHIRES OF SERPENTINE-JARRAHDALE and MURRAY;24;14,02
12/26/23;Gidgegannup;BAILUP, GIDGEGANNUP and WOOROLOO;CITY OF SWAN and the SHIRE OF MUNDARING;28;10,06
12/26/23;Wooroloo;BAILUP, GIDGEGANNUP and WOOROLOO;CITY OF SWAN and the SHIRE OF MUNDARING;28;10,06
12/26/23;Bailup;BAILUP, GIDGEGANNUP and WOOROLOO;CITY OF SWAN and the SHIRE OF MUNDARING;27;9,01
12/26/23;Mundaring;BAILUP, GIDGEGANNUP and WOOROLOO;CITY OF SWAN and the SHIRE OF MUNDARING;28;14,02
12/26/23;Mundaring;PARKERVILLE;SHIRE OF MUNDARING;28;14,02
12/26/23;Parkerville;PARKERVILLE;SHIRE OF MUNDARING;28;14,02
2/6/24;Stratton;STRATTON, MIDDLE SWAN and MIDVALE;CITY OF SWAN;33;8,08
2/6/24;Middle Swan;STRATTON, MIDDLE SWAN and MIDVALE;CITY OF SWAN;33;8,08
2/6/24;Midvale;STRATTON, MIDDLE SWAN and MIDVALE;CITY OF SWAN;32;14,02
2/6/24;Stratton;STRATTON, MIDDLE SWAN and MIDVALE;CITY OF SWAN;33;8,08
2/6/24;Middle Swan;STRATTON, MIDDLE SWAN and MIDVALE;CITY OF SWAN;33;8,08
2/6/24;Midvale;STRATTON, MIDDLE SWAN and MIDVALE;CITY OF SWAN;32;14,02
2/13/24;Gosnells;MARTIN;CITY OF GOSNELLS;36;14,02
2/20/24;Bibra Lake;BIBRA LAKE;CITY OF COCKBURN;40;11,04
1/9/24;South Lake;Lake Muir Nature Reserve;SHIRE OF MANJIMUP;33;12,04
1/16/24;Hamersley;NANUTARRA and HAMERSLEY RANGE;SHIRE OF ASHBURTON;38;9
1/16/24;Hamersley;NANUTARRA and HAMERSLEY RANGE;SHIRE OF ASHBURTON;38;9
1/16/24;Hamersley;NANUTARRA and HAMERSLEY RANGE;SHIRE OF ASHBURTON;38;9
1/16/24;Hamersley;NANUTARRA and HAMERSLEY RANGE;SHIRE OF ASHBURTON;38;9
1/16/24;Hamersley;NANUTARRA and HAMERSLEY RANGE;SHIRE OF ASHBURTON;38;9
1/16/24;Hamersley;NANUTARRA and HAMERSLEY RANGE;SHIRE OF ASHBURTON;38;9
1/23/24;Gnangara;MELALEUCA and LEXIA;CITY OF SWAN;27;9,04
1/23/24;Lexia;MELALEUCA and LEXIA;CITY OF SWAN;30;9,04
1/30/24;Southern River;the Collie River;SHIRES OF COLLIE AND DARDANUP;36;14,02
12/6/23;Hamersley;HAMERSLEY RANGE;SHIRE OF ASHBURTON;30;7,02
12/6/23;Postans;POSTANS;CITY OF KWINANA;1;7,02
12/6/23;Hamersley;HAMERSLEY RANGE;SHIRE OF ASHBURTON;30;7,02
12/6/23;Postans;POSTANS;CITY OF KWINANA;1;7,02
12/6/23;Postans;POSTANS;CITY OF KWINANA;1;7,02
12/20/23;The Vines;THE VINES;CITY OF SWAN;37;14,02
12/27/23;Gidgegannup;BAILUP, GIDGEGANNUP and WOOROLOO;CITY OF SWAN and the SHIRE OF MUNDARING;28;8,04
12/27/23;Wooroloo;BAILUP, GIDGEGANNUP and WOOROLOO;CITY OF SWAN and the SHIRE OF MUNDARING;28;8,04
12/27/23;Bailup;BAILUP, GIDGEGANNUP and WOOROLOO;CITY OF SWAN and the SHIRE OF MUNDARING;27;7,01
12/27/23;Mundaring;BAILUP, GIDGEGANNUP and WOOROLOO;CITY OF SWAN and the SHIRE OF MUNDARING;28;14,02
12/27/23;Gosnells;CHAMPION LAKES, GOSNELLS and SOUTHERN RIVER;CITY OF ARMADALE and CITY OF GOSNELLS;26;14,02
12/27/23;Champion Lakes;CHAMPION LAKES, GOSNELLS and SOUTHERN RIVER;CITY OF ARMADALE and CITY OF GOSNELLS;26;14,02
12/27/23;Armadale;CHAMPION LAKES, GOSNELLS and SOUTHERN RIVER;CITY OF ARMADALE and CITY OF GOSNELLS;26;14,02
12/27/23;Southern River;CHAMPION LAKES, GOSNELLS and SOUTHERN RIVER;CITY OF ARMADALE and CITY OF GOSNELLS;26;14,02
12/27/23;Gidgegannup;BAILUP, GIDGEGANNUP and WOOROLOO;CITY OF SWAN and the SHIRE OF MUNDARING;28;8,04
12/27/23;Wooroloo;BAILUP, GIDGEGANNUP and WOOROLOO;CITY OF SWAN and the SHIRE OF MUNDARING;28;8,04
12/27/23;Bailup;BAILUP, GIDGEGANNUP and WOOROLOO;CITY OF SWAN and the SHIRE OF MUNDARING;27;7,01
12/27/23;Mundaring;BAILUP, GIDGEGANNUP and WOOROLOO;CITY OF SWAN and the SHIRE OF MUNDARING;28;14,02
12/27/23;Armadale;ROLEYSTONE;CITY OF ARMADALE;26;14,02
12/27/23;Roleystone;ROLEYSTONE;CITY OF ARMADALE;26;14,02
12/27/23;Armadale;ROLEYSTONE;CITY OF ARMADALE;26;14,02
12/27/23;Roleystone;ROLEYSTONE;CITY OF ARMADALE;26;14,02
12/27/23;Armadale;ROLEYSTONE;CITY OF ARMADALE;26;14,02
12/27/23;Roleystone;ROLEYSTONE;CITY OF ARMADALE;26;14,02
2/7/24;Stratton;STRATTON, MIDDLE SWAN and MIDVALE;CITY OF SWAN;37;10,06
2/7/24;Middle Swan;STRATTON, MIDDLE SWAN and MIDVALE;CITY OF SWAN;37;10,06
2/7/24;Midvale;STRATTON, MIDDLE SWAN and MIDVALE;CITY OF SWAN;37;14,02
2/7/24;Bullsbrook;BULLSBROOK;CITY OF SWAN;37;14,02
2/7/24;Stratton;STRATTON, MIDDLE SWAN and MIDVALE;CITY OF SWAN;37;10,06
2/7/24;Middle Swan;STRATTON, MIDDLE SWAN and MIDVALE;CITY OF SWAN;37;10,06
2/7/24;Midvale;STRATTON, MIDDLE SWAN and MIDVALE;CITY OF SWAN;37;14,02
2/7/24;Casuarina;CASUARINA and OLDBURY;CITY OF KWINANA;33;14,02
2/7/24;Oldbury;CASUARINA and OLDBURY;CITY OF KWINANA;36;14,02
2/7/24;Bullsbrook;BULLSBROOK;CITY OF SWAN;37;14,02
2/7/24;Casuarina;CASUARINA and OLDBURY;CITY OF KWINANA;33;14,02
2/7/24;Oldbury;CASUARINA and OLDBURY;CITY OF KWINANA;36;14,02
2/14/24;Mundaring;PARKERVILLE;SHIRE OF MUNDARING;36;14,02
2/14/24;Parkerville;PARKERVILLE;SHIRE OF MUNDARING;36;14,02
2/21/24;Eglinton;EGLINTON and YANCHEP;CITY OF WANNEROO;28;9,06
2/21/24;Yanchep;EGLINTON and YANCHEP;CITY OF WANNEROO;31;14,02
2/21/24;Wanneroo;EGLINTON and YANCHEP;CITY OF WANNEROO;28;9,06
2/28/24;Wanneroo;NEERABUP and NOWERGUP;CITY OF WANNEROO;30;8
2/28/24;Nowergup;NEERABUP and NOWERGUP;CITY OF WANNEROO;32;8
2/28/24;Neerabup;NEERABUP and NOWERGUP;CITY OF WANNEROO;33;14,02
1/3/24;Forrestdale;CHAMPION LAKES, SEVILLE GROVE and FORRESTDALE;CITY OF ARMADALE;32;14,02
1/3/24;Champion Lakes;CHAMPION LAKES, SEVILLE GROVE and FORRESTDALE;CITY OF ARMADALE;32;14,02
1/3/24;Armadale;CHAMPION LAKES, SEVILLE GROVE and FORRESTDALE;CITY OF ARMADALE;26;14,02
1/3/24;Forrestdale;CHAMPION LAKES, SEVILLE GROVE and FORRESTDALE;CITY OF ARMADALE;32;14,02
1/3/24;Champion Lakes;CHAMPION LAKES, SEVILLE GROVE and FORRESTDALE;CITY OF ARMADALE;32;14,02
1/3/24;Armadale;CHAMPION LAKES, SEVILLE GROVE and FORRESTDALE;CITY OF ARMADALE;26;14,02
1/3/24;Forrestdale;CHAMPION LAKES, SEVILLE GROVE and FORRESTDALE;CITY OF ARMADALE;32;14,02
1/3/24;Champion Lakes;CHAMPION LAKES, SEVILLE GROVE and FORRESTDALE;CITY OF ARMADALE;32;14,02
1/3/24;Armadale;CHAMPION LAKES, SEVILLE GROVE and FORRESTDALE;CITY OF ARMADALE;26;14,02
1/17/24;Hamersley;NANUTARRA and HAMERSLEY RANGE;SHIRE OF ASHBURTON;31;12
1/17/24;Hamersley;NANUTARRA and HAMERSLEY RANGE;SHIRE OF ASHBURTON;31;12
1/12/24;Bayswater;NULL;NULL;37;9,02
1/12/24;Bickley;NULL;NULL;34;10
1/12/24;Clarkson;NULL;NULL;38;10
1/12/24;Duncraig;NULL;NULL;37;9,02
1/12/24;Glen Forrest;NULL;NULL;36;10
1/12/24;Inglewood;NULL;NULL;37;9,02
1/12/24;Kings Park;NULL;NULL;37;9,02
1/12/24;Mardella;NULL;NULL;37;10
1/12/24;North Lake;NULL;NULL;37;10
1/12/24;Port Kennedy;NULL;NULL;36;10
1/12/24;Singleton;NULL;NULL;37;10
1/12/24;Westminster;NULL;NULL;37;9,02
1/12/24;Beaconsfield;NULL;NULL;36;10
1/12/24;Bicton;NULL;NULL;36;10
1/12/24;Clifton Park;NULL;NULL;37;10
1/12/24;East Cannington;NULL;NULL;38;9,02
1/12/24;Greenwood;NULL;NULL;37;9,02
1/12/24;Innaloo;NULL;NULL;37;9,02
1/12/24;Leederville;NULL;NULL;37;9,02
1/12/24;Marmion;NULL;NULL;38;9,02
1/12/24;North Perth;NULL;NULL;37;9,02
1/12/24;Queens Park;NULL;NULL;38;9,02
1/12/24;Tuart Hill;NULL;NULL;37;9,02
1/12/24;Whitby;NULL;NULL;37;10
1/22/24;Bayswater;NULL;NULL;28;10,02
1/22/24;Bickley;NULL;NULL;27;10
1/22/24;Clarkson;NULL;NULL;31;10
1/22/24;Duncraig;NULL;NULL;28;10,02
1/22/24;Glen Forrest;NULL;NULL;30;10
1/22/24;Inglewood;NULL;NULL;28;10,02
1/22/24;Kings Park;NULL;NULL;28;10,02
1/22/24;Mardella;NULL;NULL;28;10
1/22/24;North Lake;NULL;NULL;28;10
1/22/24;Port Kennedy;NULL;NULL;25;10
1/22/24;Singleton;NULL;NULL;27;10
1/22/24;Westminster;NULL;NULL;28;10,02
1/22/24;Beaconsfield;NULL;NULL;27;10
1/22/24;Bicton;NULL;NULL;27;10
1/22/24;Clifton Park;NULL;NULL;27;10
1/22/24;East Cannington;NULL;NULL;29;10,02
1/22/24;Greenwood;NULL;NULL;28;10,02
1/22/24;Innaloo;NULL;NULL;28;10,02
1/22/24;Leederville;NULL;NULL;28;10,02
1/22/24;Marmion;NULL;NULL;29;10,02
1/22/24;North Perth;NULL;NULL;28;10,02
1/22/24;Queens Park;NULL;NULL;27;10
1/22/24;Tuart Hill;NULL;NULL;28;10,02
1/22/24;Whitby;NULL;NULL;28;10
1/13/24;Bayswater;NULL;NULL;40;11
1/13/24;Bickley;NULL;NULL;38;10
1/13/24;Clarkson;NULL;NULL;42;10
1/13/24;Duncraig;NULL;NULL;40;11
1/13/24;Glen Forrest;NULL;NULL;40;10
1/13/24;Inglewood;NULL;NULL;40;11
1/13/24;Kings Park;NULL;NULL;40;11
1/13/24;Mardella;NULL;NULL;40;10
1/13/24;North Lake;NULL;NULL;40;10
1/13/24;Port Kennedy;NULL;NULL;36;10
1/13/24;Singleton;NULL;NULL;37;10
1/13/24;Westminster;NULL;NULL;40;11
1/13/24;Beaconsfield;NULL;NULL;39;10
1/13/24;Bicton;NULL;NULL;39;10
1/13/24;Clifton Park;NULL;NULL;37;10
1/13/24;East Cannington;NULL;NULL;41;11
1/13/24;Greenwood;NULL;NULL;40;11
1/13/24;Innaloo;NULL;NULL;40;11
1/13/24;Leederville;NULL;NULL;40;11
1/13/24;Marmion;NULL;NULL;39;10
1/13/24;North Perth;NULL;NULL;40;11
1/13/24;Queens Park;NULL;NULL;41;11
1/13/24;Tuart Hill;NULL;NULL;40;11
1/13/24;Whitby;NULL;NULL;40;10
1/27/24;Bayswater;NULL;NULL;34;8,04
1/27/24;Bickley;NULL;NULL;33;10
1/27/24;Clarkson;NULL;NULL;36;10
1/27/24;Duncraig;NULL;NULL;34;8,04
1/27/24;Glen Forrest;NULL;NULL;36;10
1/27/24;Inglewood;NULL;NULL;34;8,04
1/27/24;Kings Park;NULL;NULL;34;8,04
1/27/24;Mardella;NULL;NULL;32;10
1/27/24;North Lake;NULL;NULL;32;10
1/27/24;Port Kennedy;NULL;NULL;28;10
1/27/24;Singleton;NULL;NULL;30;10
1/27/24;Westminster;NULL;NULL;34;8,04
1/27/24;Beaconsfield;NULL;NULL;31;10
1/27/24;Bicton;NULL;NULL;31;10
1/27/24;Clifton Park;NULL;NULL;30;10
1/27/24;East Cannington;NULL;NULL;35;8,04
1/27/24;Greenwood;NULL;NULL;34;8,04
1/27/24;Innaloo;NULL;NULL;34;8,04
1/27/24;Leederville;NULL;NULL;34;8,04
1/27/24;Marmion;NULL;NULL;31;10
1/27/24;North Perth;NULL;NULL;34;8,04
1/27/24;Queens Park;NULL;NULL;35;8,04
1/27/24;Tuart Hill;NULL;NULL;34;8,04
1/27/24;Whitby;NULL;NULL;32;10
1/28/24;Bayswater;NULL;NULL;27;10
1/28/24;Bickley;NULL;NULL;27;10
1/28/24;Clarkson;NULL;NULL;29;10
1/28/24;Duncraig;NULL;NULL;27;10
1/28/24;Glen Forrest;NULL;NULL;29;10
1/28/24;Inglewood;NULL;NULL;27;10
1/28/24;Kings Park;NULL;NULL;27;10
1/28/24;Mardella;NULL;NULL;28;10
1/28/24;North Lake;NULL;NULL;28;10
1/28/24;Port Kennedy;NULL;NULL;24;10
1/28/24;Singleton;NULL;NULL;27;10
1/28/24;Westminster;NULL;NULL;27;10
1/28/24;Beaconsfield;NULL;NULL;25;10
1/28/24;Bicton;NULL;NULL;25;10
1/28/24;Clifton Park;NULL;NULL;27;10
1/28/24;East Cannington;NULL;NULL;28;10
1/28/24;Greenwood;NULL;NULL;27;10
1/28/24;Innaloo;NULL;NULL;27;10
1/28/24;Leederville;NULL;NULL;27;10
1/28/24;Marmion;NULL;NULL;25;10
1/28/24;North Perth;NULL;NULL;27;10
1/28/24;Queens Park;NULL;NULL;28;10
1/28/24;Tuart Hill;NULL;NULL;27;10
1/28/24;Whitby;NULL;NULL;28;10
1/4/24;Bayswater;NULL;NULL;31;11,06
1/4/24;Bickley;NULL;NULL;28;10
1/4/24;Clarkson;NULL;NULL;32;10
1/4/24;Duncraig;NULL;NULL;31;11,06
1/4/24;Glen Forrest;NULL;NULL;30;10
1/4/24;Inglewood;NULL;NULL;31;11,06
1/4/24;Kings Park;NULL;NULL;31;11,06
1/4/24;Mardella;NULL;NULL;31;10
1/4/24;North Lake;NULL;NULL;31;10
1/4/24;Port Kennedy;NULL;NULL;31;10
1/4/24;Singleton;NULL;NULL;32;10
1/4/24;Westminster;NULL;NULL;31;11,06
1/4/24;Beaconsfield;NULL;NULL;32;10
1/4/24;Bicton;NULL;NULL;32;10
1/4/24;Clifton Park;NULL;NULL;32;10
1/4/24;East Cannington;NULL;NULL;31;11,06
1/4/24;Greenwood;NULL;NULL;31;11,06
1/4/24;Innaloo;NULL;NULL;31;11,06
1/4/24;Leederville;NULL;NULL;31;11,06
1/4/24;Marmion;NULL;NULL;32;10
1/4/24;North Perth;NULL;NULL;31;11,06
1/4/24;Queens Park;NULL;NULL;31;11,06
1/4/24;Tuart Hill;NULL;NULL;31;11,06
1/4/24;Whitby;NULL;NULL;31;10
1/18/24;Bayswater;NULL;NULL;26;10
1/18/24;Bickley;NULL;NULL;25;10
1/18/24;Clarkson;NULL;NULL;29;10
1/18/24;Duncraig;NULL;NULL;26;10
1/18/24;Glen Forrest;NULL;NULL;28;10
1/18/24;Inglewood;NULL;NULL;26;10
1/18/24;Kings Park;NULL;NULL;26;10
1/18/24;Mardella;NULL;NULL;27;10
1/18/24;North Lake;NULL;NULL;27;10
1/18/24;Port Kennedy;NULL;NULL;26;10
1/18/24;Singleton;NULL;NULL;26;10
1/18/24;Westminster;NULL;NULL;26;10
1/18/24;Beaconsfield;NULL;NULL;26;10
1/18/24;Bicton;NULL;NULL;26;10
1/18/24;Clifton Park;NULL;NULL;26;10
1/18/24;East Cannington;NULL;NULL;27;10
1/18/24;Greenwood;NULL;NULL;26;10
1/18/24;Innaloo;NULL;NULL;26;10
1/18/24;Leederville;NULL;NULL;26;10
1/18/24;Marmion;NULL;NULL;26;10
1/18/24;North Perth;NULL;NULL;26;10
1/18/24;Queens Park;NULL;NULL;27;10
1/18/24;Tuart Hill;NULL;NULL;26;10
1/18/24;Whitby;NULL;NULL;27;10
1/30/24;Bayswater;NULL;NULL;36;10
1/30/24;Bickley;NULL;NULL;36;10
1/30/24;Clarkson;NULL;NULL;39;10
1/30/24;Duncraig;NULL;NULL;36;10
1/30/24;Glen Forrest;NULL;NULL;39;10
1/30/24;Inglewood;NULL;NULL;36;10
1/30/24;Kings Park;NULL;NULL;36;10
1/30/24;Mardella;NULL;NULL;36;10
1/30/24;North Lake;NULL;NULL;36;10
1/30/24;Port Kennedy;NULL;NULL;33;10
1/30/24;Singleton;NULL;NULL;34;10
1/30/24;Westminster;NULL;NULL;36;10
1/30/24;Beaconsfield;NULL;NULL;35;10
1/30/24;Bicton;NULL;NULL;35;10
1/30/24;Clifton Park;NULL;NULL;34;10
1/30/24;East Cannington;NULL;NULL;38;10
1/30/24;Greenwood;NULL;NULL;36;10
1/30/24;Innaloo;NULL;NULL;36;10
1/30/24;Leederville;NULL;NULL;36;10
1/30/24;Marmion;NULL;NULL;35;10
1/30/24;North Perth;NULL;NULL;36;10
1/30/24;Queens Park;NULL;NULL;38;10
1/30/24;Tuart Hill;NULL;NULL;36;10
1/30/24;Whitby;NULL;NULL;36;10
1/3/24;Bayswater;NULL;NULL;31;5,06
1/3/24;Bickley;NULL;NULL;29;10
1/3/24;Clarkson;NULL;NULL;32;10
1/3/24;Duncraig;NULL;NULL;31;5,06
1/3/24;Glen Forrest;NULL;NULL;30;10
1/3/24;Inglewood;NULL;NULL;31;5,06
1/3/24;Kings Park;NULL;NULL;31;5,06
1/3/24;Mardella;NULL;NULL;32;10
1/3/24;North Lake;NULL;NULL;32;10
1/3/24;Port Kennedy;NULL;NULL;32;10
1/3/24;Singleton;NULL;NULL;31;10
1/3/24;Westminster;NULL;NULL;31;5,06
1/3/24;Beaconsfield;NULL;NULL;32;10
1/3/24;Bicton;NULL;NULL;32;10
1/3/24;Clifton Park;NULL;NULL;31;10
1/3/24;East Cannington;NULL;NULL;31;5,06
1/3/24;Greenwood;NULL;NULL;31;5,06
1/3/24;Innaloo;NULL;NULL;31;5,06
1/3/24;Leederville;NULL;NULL;31;5,06
1/3/24;Marmion;NULL;NULL;32;10
1/3/24;North Perth;NULL;NULL;31;5,06
1/3/24;Queens Park;NULL;NULL;31;5,06
1/3/24;Tuart Hill;NULL;NULL;31;5,06
1/3/24;Whitby;NULL;NULL;32;10
1/24/24;Bayswater;NULL;NULL;28;8,06
1/24/24;Bickley;NULL;NULL;29;10
1/24/24;Clarkson;NULL;NULL;32;10
1/24/24;Duncraig;NULL;NULL;28;8,06
1/24/24;Glen Forrest;NULL;NULL;31;10
1/24/24;Inglewood;NULL;NULL;28;8,06
1/24/24;Kings Park;NULL;NULL;28;8,06
1/24/24;Mardella;NULL;NULL;29;10
1/24/24;North Lake;NULL;NULL;29;10
1/24/24;Port Kennedy;NULL;NULL;24;10
1/24/24;Singleton;NULL;NULL;27;10
1/24/24;Westminster;NULL;NULL;28;8,06
1/24/24;Beaconsfield;NULL;NULL;26;10
1/24/24;Bicton;NULL;NULL;26;10
1/24/24;Clifton Park;NULL;NULL;27;10
1/24/24;East Cannington;NULL;NULL;31;8,06
1/24/24;Greenwood;NULL;NULL;28;8,06
1/24/24;Innaloo;NULL;NULL;28;8,06
1/24/24;Leederville;NULL;NULL;28;8,06
1/24/24;Marmion;NULL;NULL;26;10
1/24/24;North Perth;NULL;NULL;28;8,06
1/24/24;Queens Park;NULL;NULL;31;8,06
1/24/24;Tuart Hill;NULL;NULL;28;8,06
1/24/24;Whitby;NULL;NULL;29;10
12/8/23;Postans;POSTANS;CITY OF KWINANA;26;7,04
12/8/23;Hamersley;HAMERSLEY RANGE;SHIRE OF ASHBURTON;24;7,04
12/15/23;Stratton;MIDDLE SWAN and STRATTON;CITY OF SWAN;33;10,08
12/15/23;Middle Swan;MIDDLE SWAN and STRATTON;CITY OF SWAN;33;10,08
12/29/23;Armadale;ROLEYSTONE;CITY OF ARMADALE;33;14,02
12/29/23;Roleystone;ROLEYSTONE;CITY OF ARMADALE;29;14,02
2/9/24;Guildford;ASCOT, PERTH AIRPORT, REDCLIFFE and SOUTH GUILDFORD;CITIES of BELMONT and SWAN;43;14,02
2/9/24;Belmont;ASCOT, PERTH AIRPORT, REDCLIFFE and SOUTH GUILDFORD;CITIES of BELMONT and SWAN;42;14,02
2/9/24;Ascot;ASCOT, PERTH AIRPORT, REDCLIFFE and SOUTH GUILDFORD;CITIES of BELMONT and SWAN;42;14,02
2/9/24;Perth Airport;ASCOT, PERTH AIRPORT, REDCLIFFE and SOUTH GUILDFORD;CITIES of BELMONT and SWAN;43;14,02
2/9/24;Redcliffe;ASCOT, PERTH AIRPORT, REDCLIFFE and SOUTH GUILDFORD;CITIES of BELMONT and SWAN;42;14,02
2/9/24;South Guildford;ASCOT, PERTH AIRPORT, REDCLIFFE and SOUTH GUILDFORD;CITIES of BELMONT and SWAN;43;14,02
2/9/24;South Perth;ASCOT, PERTH AIRPORT, REDCLIFFE and SOUTH GUILDFORD;CITIES of BELMONT and SWAN;42;14,02
2/9/24;Stratton;STRATTON, MIDDLE SWAN and MIDVALE;CITY OF SWAN;43;14,02
2/9/24;Middle Swan;STRATTON, MIDDLE SWAN and MIDVALE;CITY OF SWAN;43;14,02
2/9/24;Midvale;STRATTON, MIDDLE SWAN and MIDVALE;CITY OF SWAN;43;14,02
2/9/24;Jarrahdale;CASUARINA and OLDBURY;CITY OF KWINANA and SHIRE OF SERPENTINE JARRAHDALE;43;14,02
2/9/24;Casuarina;CASUARINA and OLDBURY;CITY OF KWINANA and SHIRE OF SERPENTINE JARRAHDALE;41;14,02
2/9/24;Oldbury;CASUARINA and OLDBURY;CITY OF KWINANA and SHIRE OF SERPENTINE JARRAHDALE;42;14,02
2/9/24;Serpentine;CASUARINA and OLDBURY;CITY OF KWINANA and SHIRE OF SERPENTINE JARRAHDALE;41;14,02
2/23/24;Eglinton;EGLINTON and YANCHEP;CITY OF WANNEROO;37;9
2/23/24;Yanchep;EGLINTON and YANCHEP;CITY OF WANNEROO;39;14,02
2/23/24;Wanneroo;EGLINTON and YANCHEP;CITY OF WANNEROO;37;9
1/5/24;East Rockingham;EAST ROCKINGHAM;CITY OF ROCKINGHAM;28;14,02
1/5/24;Rockingham;EAST ROCKINGHAM;CITY OF ROCKINGHAM;28;14,02
1/19/24;Hamersley;NANUTARRA and HAMERSLEY RANGE;SHIRE OF ASHBURTON;27;10,02
1/19/24;Yanchep;BAMBUN, MUCHEA, YANCHEP and YEAL;CITY OF WANNEROO and the SHIRES OF GINGIN and CHITTERING;NULL;14,02
1/19/24;Wanneroo;BAMBUN, MUCHEA, YANCHEP and YEAL;CITY OF WANNEROO and the SHIRES OF GINGIN and CHITTERING;27;10,02
12/4/23;Wanneroo;JANDABUP and MARIGINIUP;CITY OF WANNEROO;26;8
12/4/23;Mariginiup;JANDABUP and MARIGINIUP;CITY OF WANNEROO;29;14,02
12/11/23;South Lake;Lake Muir Nature Reserve;Shire of Manjimup;33;10,04
12/25/23;The Spectacles;POSTANS and THE SPECTACLES;CITY OF KWINANA;36;14,02
12/25/23;Postans;POSTANS and THE SPECTACLES;CITY OF KWINANA;37;9,04
2/5/24;Swan View;STRATTON and parts of MIDVALE and SWAN VIEW;CITY OF SWAN;28;14,02
2/5/24;Stratton;STRATTON and parts of MIDVALE and SWAN VIEW;CITY OF SWAN;28;10
2/5/24;Midvale;STRATTON and parts of MIDVALE and SWAN VIEW;CITY OF SWAN;28;14,02
2/12/24;Bullsbrook;BULLSBROOK;CITY OF SWAN;38;14,02
2/19/24;Karrinyup;GWELUP and KARRINYUP;CITY OF STIRLING;42;13,06
2/19/24;Gwelup;GWELUP and KARRINYUP;CITY OF STIRLING;42;13,06
2/19/24;Stirling;GWELUP and KARRINYUP;CITY OF STIRLING;42;13,06
1/1/24;Jarrahdale;DARLING DOWNS;SHIRE OF SERPENTINE-JARRAHDALE;30;9
1/1/24;Darling Downs;DARLING DOWNS;SHIRE OF SERPENTINE-JARRAHDALE;27;14,02
1/1/24;Serpentine;DARLING DOWNS;SHIRE OF SERPENTINE-JARRAHDALE;24;14,02
1/15/24;Gnangara;Gnangara-Moore River State Forest near Pinjar;CITY OF WANNEROO and SHIRE OF CHITTERING;34;11
1/15/24;Wanneroo;Gnangara-Moore River State Forest near Pinjar;CITY OF WANNEROO and SHIRE OF CHITTERING;34;11
1/15/24;Pinjar;Gnangara-Moore River State Forest near Pinjar;CITY OF WANNEROO and SHIRE OF CHITTERING;36;11
1/15/24;Jarrahdale;OAKFORD;SHIRE OF SERPENTINE-JARRAHDALE;38;11
1/15/24;Oakford;OAKFORD;SHIRE OF SERPENTINE-JARRAHDALE;34;14,02
1/15/24;Serpentine;OAKFORD;SHIRE OF SERPENTINE-JARRAHDALE;33;14,02
12/9/23;Mandogalup;POSTANS, MANDOGALUP and ANKETELL;CITY OF KWINANA;28;14,02
12/9/23;The Spectacles;POSTANS, MANDOGALUP and ANKETELL;CITY OF KWINANA;28;14,02
12/9/23;Anketell;POSTANS, MANDOGALUP and ANKETELL;CITY OF KWINANA;28;14,02
12/9/23;Postans;POSTANS, MANDOGALUP and ANKETELL;CITY OF KWINANA;29;10,02
12/9/23;Mandogalup;POSTANS, MANDOGALUP and ANKETELL;CITY OF KWINANA;28;14,02
12/9/23;The Spectacles;POSTANS, MANDOGALUP and ANKETELL;CITY OF KWINANA;28;14,02
12/9/23;Anketell;POSTANS, MANDOGALUP and ANKETELL;CITY OF KWINANA;28;14,02
12/9/23;Postans;POSTANS, MANDOGALUP and ANKETELL;CITY OF KWINANA;29;10,02
12/9/23;Ellenbrook;ELLENBROOK;CITY OF SWAN;28;10,02
2/10/24;Bullsbrook;BULLSBROOK;CITY OF SWAN;44;14,02
2/10/24;Spearwood;SPEARWOOD and LAKE COOGEE;CITY OF COCKBURN;42;14,02
2/10/24;Coogee;SPEARWOOD and LAKE COOGEE;CITY OF COCKBURN;42;14,02
1/13/24;Jarrahdale;JARRAHDALE;SHIRE OF SERPENTINE-JARRAHDALE;41;11
1/13/24;Oakford;OAKFORD;SHIRE OF SERPENTINE-JARRAHDALE;40;14,02
1/13/24;Serpentine;SERPENTINE;SHIRE OF SERPENTINE-JARRAHDALE;36;14,02
1/13/24;Success;BEELIAR and SUCCESS;CITY OF COCKBURN;40;14,02
1/13/24;Beeliar;BEELIAR and SUCCESS;CITY OF COCKBURN;40;14,02
12/10/23;Bullsbrook;BULLSBROOK;CITY OF SWAN;31;14,02
12/10/23;Jarrahdale;OLDBURY and WELLARD;SHIRE OF SERPENTINE-JARRAHDALE and the CITY OF KWINANA;31;10,08
12/10/23;Wellard;OLDBURY and WELLARD;SHIRE OF SERPENTINE-JARRAHDALE and the CITY OF KWINANA;31;14,02
12/10/23;Oldbury;OLDBURY and WELLARD;SHIRE OF SERPENTINE-JARRAHDALE and the CITY OF KWINANA;31;14,02
12/10/23;Serpentine;OLDBURY and WELLARD;SHIRE OF SERPENTINE-JARRAHDALE and the CITY OF KWINANA;31;14,02
12/17/23;Bullsbrook;BULLSBROOK;CITY OF SWAN;35;14,02
12/24/23;Kalamunda;WATTLE GROVE;CITY OF KALAMUNDA;36;14,02
12/24/23;Wattle Grove;WATTLE GROVE;CITY OF KALAMUNDA;36;14,02
1/7/24;East Rockingham;EAST ROCKINGHAM;CITY OF ROCKINGHAM;30;14,02
1/7/24;Rockingham;EAST ROCKINGHAM;CITY OF ROCKINGHAM;30;14,02
1/7/24;Jarrahdale;OLDBURY;SHIRE OF SERPENTINE-JARRAHDALE;37;9,02
1/7/24;Oldbury;OLDBURY;SHIRE OF SERPENTINE-JARRAHDALE;35;14,02
1/7/24;Serpentine;OLDBURY;SHIRE OF SERPENTINE-JARRAHDALE;30;14,02
1/4/24;Forrestdale;CHAMPION LAKES, SEVILLE GROVE and FORRESTDALE;CITY OF ARMADALE;31;14,02
1/4/24;Champion Lakes;CHAMPION LAKES, SEVILLE GROVE and FORRESTDALE;CITY OF ARMADALE;31;14,02
1/4/24;Armadale;CHAMPION LAKES, SEVILLE GROVE and FORRESTDALE;CITY OF ARMADALE;31;14,02
12/19/23;Kalamunda;KEWDALE, WATTLE GROVE and WELSHPOOL;CITIES OF BELMONT, CANNING and KALAMUNDA;30;14,02
12/19/23;Kewdale;KEWDALE, WATTLE GROVE and WELSHPOOL;CITIES OF BELMONT, CANNING and KALAMUNDA;32;12
12/19/23;Welshpool;KEWDALE, WATTLE GROVE and WELSHPOOL;CITIES OF BELMONT, CANNING and KALAMUNDA;32;12
12/19/23;Wattle Grove;KEWDALE, WATTLE GROVE and WELSHPOOL;CITIES OF BELMONT, CANNING and KALAMUNDA;30;14,02
12/19/23;Belmont;KEWDALE, WATTLE GROVE and WELSHPOOL;CITIES OF BELMONT, CANNING and KALAMUNDA;31;13
2/13/24;Gosnells;MARTIN;CITY OF GOSNELLS;36;14,02
1/9/24;Yanchep;Yanchep National Park;CITY OF WANNEROO;31;14,02
1/9/24;Wanneroo;Yanchep National Park;CITY OF WANNEROO;30;12,04
1/23/24;Gnangara;MUCHEA and PINJAR;SHIRE OF CHITTERING and CITY OF WANNEROO;27;9,04
1/23/24;Wanneroo;MUCHEA and PINJAR;SHIRE OF CHITTERING and CITY OF WANNEROO;27;9,04
1/23/24;Pinjar;MUCHEA and PINJAR;SHIRE OF CHITTERING and CITY OF WANNEROO;29;9,04
12/6/23;South Lake;Lake Muir Nature Reserve;Shire of Manjimup;33;7,02
12/20/23;The Vines;THE VINES;CITY OF SWAN;37;14,02
12/27/23;Mundaring;PARKERVILLE;SHIRE OF MUNDARING;28;14,02
12/27/23;Parkerville;PARKERVILLE;SHIRE OF MUNDARING;28;14,02
12/27/23;Jarrahdale;KEYSBROOK and NORTH DANDALUP;SHIRES OF SERPENTINE-JARRAHDALE and MURRAY;28;8,04
12/27/23;Keysbrook;KEYSBROOK and NORTH DANDALUP;SHIRES OF SERPENTINE-JARRAHDALE and MURRAY;27;14,02
12/27/23;Serpentine;KEYSBROOK and NORTH DANDALUP;SHIRES OF SERPENTINE-JARRAHDALE and MURRAY;24;14,02
12/27/23;Jarrahdale;KEYSBROOK and NORTH DANDALUP;SHIRES OF SERPENTINE-JARRAHDALE and MURRAY;28;8,04
12/27/23;Keysbrook;KEYSBROOK and NORTH DANDALUP;SHIRES OF SERPENTINE-JARRAHDALE and MURRAY;27;14,02
12/27/23;Serpentine;KEYSBROOK and NORTH DANDALUP;SHIRES OF SERPENTINE-JARRAHDALE and MURRAY;24;14,02
12/27/23;Gosnells;CHAMPION LAKES, GOSNELLS and SOUTHERN RIVER;CITY OF ARMADALE and CITY OF GOSNELLS;26;14,02
12/27/23;Champion Lakes;CHAMPION LAKES, GOSNELLS and SOUTHERN RIVER;CITY OF ARMADALE and CITY OF GOSNELLS;26;14,02
12/27/23;Armadale;CHAMPION LAKES, GOSNELLS and SOUTHERN RIVER;CITY OF ARMADALE and CITY OF GOSNELLS;26;14,02
12/27/23;Southern River;CHAMPION LAKES, GOSNELLS and SOUTHERN RIVER;CITY OF ARMADALE and CITY OF GOSNELLS;26;14,02
12/27/23;Gosnells;CHAMPION LAKES, GOSNELLS and SOUTHERN RIVER;CITY OF ARMADALE and CITY OF GOSNELLS;26;14,02
12/27/23;Champion Lakes;CHAMPION LAKES, GOSNELLS and SOUTHERN RIVER;CITY OF ARMADALE and CITY OF GOSNELLS;26;14,02
12/27/23;Armadale;CHAMPION LAKES, GOSNELLS and SOUTHERN RIVER;CITY OF ARMADALE and CITY OF GOSNELLS;26;14,02
12/27/23;Southern River;CHAMPION LAKES, GOSNELLS and SOUTHERN RIVER;CITY OF ARMADALE and CITY OF GOSNELLS;26;14,02
2/14/24;Mundaring;PARKERVILLE;SHIRE OF MUNDARING;36;14,02
2/14/24;Parkerville;PARKERVILLE;SHIRE OF MUNDARING;36;14,02
1/24/24;South Lake;Lake Muir Nature Reserve;SHIRE OF MANJIMUP;31;8,06
1/24/24;Gnangara;MELALEUCA and LEXIA;CITY OF SWAN;28;8,06
1/24/24;Lexia;MELALEUCA and LEXIA;CITY OF SWAN;31;8,06
12/8/23;Bullsbrook;BULLSBROOK;CITY OF SWAN;27;12,06
12/8/23;Bullsbrook;BULLSBROOK;CITY OF SWAN;27;12,06
12/8/23;Bullsbrook;BULLSBROOK;CITY OF SWAN;27;12,06
12/8/23;Bullsbrook;BULLSBROOK;CITY OF SWAN;27;12,06
12/22/23;Mundaring;PARKERVILLE;SHIRE OF MUNDARING;33;12,06
12/22/23;Parkerville;PARKERVILLE;SHIRE OF MUNDARING;36;12,06
12/22/23;Mundaring;PARKERVILLE;SHIRE OF MUNDARING;33;12,06
12/22/23;Parkerville;PARKERVILLE;SHIRE OF MUNDARING;36;12,06
12/22/23;Gidgegannup;BAILUP, GIDGEGANNUP and WOOROLOO;CITY OF SWAN and the SHIRE OF MUNDARING;32;12,06
12/22/23;Wooroloo;BAILUP, GIDGEGANNUP and WOOROLOO;CITY OF SWAN and the SHIRE OF MUNDARING;32;12,06
12/22/23;Bailup;BAILUP, GIDGEGANNUP and WOOROLOO;CITY OF SWAN and the SHIRE OF MUNDARING;32;11,01
12/22/23;Mundaring;BAILUP, GIDGEGANNUP and WOOROLOO;CITY OF SWAN and the SHIRE OF MUNDARING;33;12,06
12/22/23;Gidgegannup;BAILUP, GIDGEGANNUP and WOOROLOO;CITY OF SWAN and the SHIRE OF MUNDARING;32;12,06
12/22/23;Wooroloo;BAILUP, GIDGEGANNUP and WOOROLOO;CITY OF SWAN and the SHIRE OF MUNDARING;32;12,06
12/22/23;Bailup;BAILUP, GIDGEGANNUP and WOOROLOO;CITY OF SWAN and the SHIRE OF MUNDARING;32;11,01
12/22/23;Mundaring;BAILUP, GIDGEGANNUP and WOOROLOO;CITY OF SWAN and the SHIRE OF MUNDARING;33;12,06
12/22/23;Jarrahdale;KEYSBROOK, NAMBEELUP and NORTH DANDALUP;SHIRES OF SERPENTINE-JARRAHDALE and MURRAY;32;12,06
12/22/23;Keysbrook;KEYSBROOK, NAMBEELUP and NORTH DANDALUP;SHIRES OF SERPENTINE-JARRAHDALE and MURRAY;32;12,06
12/22/23;Serpentine;KEYSBROOK, NAMBEELUP and NORTH DANDALUP;SHIRES OF SERPENTINE-JARRAHDALE and MURRAY;28;12,06
12/22/23;Jarrahdale;KEYSBROOK, NAMBEELUP and NORTH DANDALUP;SHIRES OF SERPENTINE-JARRAHDALE and MURRAY;32;12,06
12/22/23;Keysbrook;KEYSBROOK, NAMBEELUP and NORTH DANDALUP;SHIRES OF SERPENTINE-JARRAHDALE and MURRAY;32;12,06
12/22/23;Serpentine;KEYSBROOK, NAMBEELUP and NORTH DANDALUP;SHIRES OF SERPENTINE-JARRAHDALE and MURRAY;28;12,06
12/22/23;Gidgegannup;BAILUP, GIDGEGANNUP and WOOROLOO;CITY OF SWAN and the SHIRE OF MUNDARING;32;12,06
12/22/23;Wooroloo;BAILUP, GIDGEGANNUP and WOOROLOO;CITY OF SWAN and the SHIRE OF MUNDARING;32;12,06
12/22/23;Bailup;BAILUP, GIDGEGANNUP and WOOROLOO;CITY OF SWAN and the SHIRE OF MUNDARING;32;11,01
12/22/23;Mundaring;BAILUP, GIDGEGANNUP and WOOROLOO;CITY OF SWAN and the SHIRE OF MUNDARING;33;12,06
12/22/23;Jarrahdale;KEYSBROOK, NAMBEELUP and NORTH DANDALUP;SHIRES OF SERPENTINE-JARRAHDALE and MURRAY;32;12,06
12/22/23;Keysbrook;KEYSBROOK, NAMBEELUP and NORTH DANDALUP;SHIRES OF SERPENTINE-JARRAHDALE and MURRAY;32;12,06
12/22/23;Serpentine;KEYSBROOK, NAMBEELUP and NORTH DANDALUP;SHIRES OF SERPENTINE-JARRAHDALE and MURRAY;28;12,06
12/22/23;Gidgegannup;BAILUP, GIDGEGANNUP and WOOROLOO;CITY OF SWAN and the SHIRE OF MUNDARING;32;12,06
12/22/23;Wooroloo;BAILUP, GIDGEGANNUP and WOOROLOO;CITY OF SWAN and the SHIRE OF MUNDARING;32;12,06
12/22/23;Bailup;BAILUP, GIDGEGANNUP and WOOROLOO;CITY OF SWAN and the SHIRE OF MUNDARING;32;11,01
12/22/23;Mundaring;BAILUP, GIDGEGANNUP and WOOROLOO;CITY OF SWAN and the SHIRE OF MUNDARING;33;12,06
12/22/23;Jarrahdale;KEYSBROOK, NAMBEELUP and NORTH DANDALUP;SHIRES OF SERPENTINE-JARRAHDALE and MURRAY;32;12,06
12/22/23;Keysbrook;KEYSBROOK, NAMBEELUP and NORTH DANDALUP;SHIRES OF SERPENTINE-JARRAHDALE and MURRAY;32;12,06
12/22/23;Serpentine;KEYSBROOK, NAMBEELUP and NORTH DANDALUP;SHIRES OF SERPENTINE-JARRAHDALE and MURRAY;28;12,06
12/22/23;Gidgegannup;BAILUP, GIDGEGANNUP and WOOROLOO;CITY OF SWAN and the SHIRE OF MUNDARING;32;12,06
12/22/23;Wooroloo;BAILUP, GIDGEGANNUP and WOOROLOO;CITY OF SWAN and the SHIRE OF MUNDARING;32;12,06
12/22/23;Bailup;BAILUP, GIDGEGANNUP and WOOROLOO;CITY OF SWAN and the SHIRE OF MUNDARING;32;11,01
12/22/23;Mundaring;BAILUP, GIDGEGANNUP and WOOROLOO;CITY OF SWAN and the SHIRE OF MUNDARING;33;12,06
12/22/23;Jarrahdale;KEYSBROOK, NAMBEELUP and NORTH DANDALUP;SHIRES OF SERPENTINE-JARRAHDALE and MURRAY;32;12,06
12/22/23;Keysbrook;KEYSBROOK, NAMBEELUP and NORTH DANDALUP;SHIRES OF SERPENTINE-JARRAHDALE and MURRAY;32;12,06
12/22/23;Serpentine;KEYSBROOK, NAMBEELUP and NORTH DANDALUP;SHIRES OF SERPENTINE-JARRAHDALE and MURRAY;28;12,06
12/22/23;Jarrahdale;KEYSBROOK, NAMBEELUP and NORTH DANDALUP;SHIRES OF SERPENTINE-JARRAHDALE and MURRAY;32;12,06
12/22/23;Keysbrook;KEYSBROOK, NAMBEELUP and NORTH DANDALUP;SHIRES OF SERPENTINE-JARRAHDALE and MURRAY;32;12,06
12/22/23;Serpentine;KEYSBROOK, NAMBEELUP and NORTH DANDALUP;SHIRES OF SERPENTINE-JARRAHDALE and MURRAY;28;12,06
12/22/23;Jarrahdale;KEYSBROOK, NAMBEELUP and NORTH DANDALUP;SHIRES OF SERPENTINE-JARRAHDALE and MURRAY;32;12,06
12/22/23;Keysbrook;KEYSBROOK, NAMBEELUP and NORTH DANDALUP;SHIRES OF SERPENTINE-JARRAHDALE and MURRAY;32;12,06
12/22/23;Serpentine;KEYSBROOK, NAMBEELUP and NORTH DANDALUP;SHIRES OF SERPENTINE-JARRAHDALE and MURRAY;28;12,06
12/22/23;Jarrahdale;KEYSBROOK, NAMBEELUP and NORTH DANDALUP;SHIRES OF SERPENTINE-JARRAHDALE and MURRAY;32;12,06
12/22/23;Keysbrook;KEYSBROOK, NAMBEELUP and NORTH DANDALUP;SHIRES OF SERPENTINE-JARRAHDALE and MURRAY;32;12,06
12/22/23;Serpentine;KEYSBROOK, NAMBEELUP and NORTH DANDALUP;SHIRES OF SERPENTINE-JARRAHDALE and MURRAY;28;12,06
2/9/24;Stirling;GREEN RANGE, KOJANEERUP SOUTH, METTLER and SOUTH STIRLING;CITY OF ALBANY;42;14,02
2/9/24;Stirling;GREEN RANGE, KOJANEERUP SOUTH, METTLER and SOUTH STIRLING;CITY OF ALBANY;42;14,02
2/9/24;Spearwood;SPEARWOOD;CITY OF COCKBURN;42;12,06
2/9/24;Spearwood;SPEARWOOD, MUNSTER and YANGEBUP;CITY OF COCKBURN;42;12,06
2/9/24;Munster;SPEARWOOD, MUNSTER and YANGEBUP;CITY OF COCKBURN;42;12,06
2/9/24;Spearwood;SPEARWOOD, MUNSTER and YANGEBUP;CITY OF COCKBURN;42;12,06
2/9/24;Munster;SPEARWOOD, MUNSTER and YANGEBUP;CITY OF COCKBURN;42;12,06
2/9/24;Spearwood;SPEARWOOD, MUNSTER, BIBRA LAKE and YANGEBUP;CITY OF COCKBURN;42;12,06
2/9/24;Bibra Lake;SPEARWOOD, MUNSTER, BIBRA LAKE and YANGEBUP;CITY OF COCKBURN;42;12,06
2/9/24;Munster;SPEARWOOD, MUNSTER, BIBRA LAKE and YANGEBUP;CITY OF COCKBURN;42;12,06
2/9/24;Spearwood;SPEARWOOD, LAKE COOGEE, BIBRA LAKE and YANGEBUP;CITY OF COCKBURN;42;12,06
2/9/24;Bibra Lake;SPEARWOOD, LAKE COOGEE, BIBRA LAKE and YANGEBUP;CITY OF COCKBURN;42;12,06
2/9/24;Coogee;SPEARWOOD, LAKE COOGEE, BIBRA LAKE and YANGEBUP;CITY OF COCKBURN;42;12,06
2/9/24;Spearwood;SPEARWOOD, LAKE COOGEE, BIBRA LAKE and YANGEBUP;CITY OF COCKBURN;42;12,06
2/9/24;Bibra Lake;SPEARWOOD, LAKE COOGEE, BIBRA LAKE and YANGEBUP;CITY OF COCKBURN;42;12,06
2/9/24;Coogee;SPEARWOOD, LAKE COOGEE, BIBRA LAKE and YANGEBUP;CITY OF COCKBURN;42;12,06
2/9/24;Spearwood;SPEARWOOD, LAKE COOGEE, BIBRA LAKE and YANGEBUP;CITY OF COCKBURN;43;14,02
2/9/24;Bibra Lake;SPEARWOOD, LAKE COOGEE, BIBRA LAKE and YANGEBUP;CITY OF COCKBURN;42;12,06
2/9/24;Coogee;SPEARWOOD, LAKE COOGEE, BIBRA LAKE and YANGEBUP;CITY OF COCKBURN;42;12,06
2/9/24;Spearwood;SPEARWOOD, LAKE COOGEE, BIBRA LAKE and YANGEBUP;CITY OF COCKBURN;42;12,06
2/9/24;Bibra Lake;SPEARWOOD, LAKE COOGEE, BIBRA LAKE and YANGEBUP;CITY OF COCKBURN;42;12,06
2/9/24;Coogee;SPEARWOOD, LAKE COOGEE, BIBRA LAKE and YANGEBUP;CITY OF COCKBURN;42;12,06
2/9/24;Spearwood;SPEARWOOD, LAKE COOGEE, BIBRA LAKE and YANGEBUP;CITY OF COCKBURN;42;12,06
2/9/24;Bibra Lake;SPEARWOOD, LAKE COOGEE, BIBRA LAKE and YANGEBUP;CITY OF COCKBURN;42;12,06
2/9/24;Coogee;SPEARWOOD, LAKE COOGEE, BIBRA LAKE and YANGEBUP;CITY OF COCKBURN;42;12,06
12/18/23;Kalamunda;KEWDALE and WATTLE GROVE;CITY OF BELMONT and CITY OF KALAMUNDA;30;12,06
12/18/23;Kewdale;KEWDALE and WATTLE GROVE;CITY OF BELMONT and CITY OF KALAMUNDA;31;13
12/18/23;Wattle Grove;KEWDALE and WATTLE GROVE;CITY OF BELMONT and CITY OF KALAMUNDA;30;12,06
12/18/23;Belmont;KEWDALE and WATTLE GROVE;CITY OF BELMONT and CITY OF KALAMUNDA;31;13
12/18/23;Kalamunda;KEWDALE, WATTLE GROVE and WELSHPOOL;CITIES OF BELMONT, CANNING and KALAMUNDA;30;12,06
12/18/23;Kewdale;KEWDALE, WATTLE GROVE and WELSHPOOL;CITIES OF BELMONT, CANNING and KALAMUNDA;31;13
12/18/23;Welshpool;KEWDALE, WATTLE GROVE and WELSHPOOL;CITIES OF BELMONT, CANNING and KALAMUNDA;31;13
12/18/23;Wattle Grove;KEWDALE, WATTLE GROVE and WELSHPOOL;CITIES OF BELMONT, CANNING and KALAMUNDA;30;12,06
12/18/23;Belmont;KEWDALE, WATTLE GROVE and WELSHPOOL;CITIES OF BELMONT, CANNING and KALAMUNDA;31;13
12/18/23;Kalamunda;KEWDALE, WATTLE GROVE and WELSHPOOL;CITIES OF BELMONT, CANNING and KALAMUNDA;30;12,06
12/18/23;Kewdale;KEWDALE, WATTLE GROVE and WELSHPOOL;CITIES OF BELMONT, CANNING and KALAMUNDA;31;12,06
12/18/23;Welshpool;KEWDALE, WATTLE GROVE and WELSHPOOL;CITIES OF BELMONT, CANNING and KALAMUNDA;31;13
12/18/23;Wattle Grove;KEWDALE, WATTLE GROVE and WELSHPOOL;CITIES OF BELMONT, CANNING and KALAMUNDA;30;12,06
12/18/23;Belmont;KEWDALE, WATTLE GROVE and WELSHPOOL;CITIES OF BELMONT, CANNING and KALAMUNDA;31;13
12/18/23;Kalamunda;KEWDALE, WATTLE GROVE and WELSHPOOL;CITIES OF BELMONT, CANNING and KALAMUNDA;30;12,06
12/18/23;Kewdale;KEWDALE, WATTLE GROVE and WELSHPOOL;CITIES OF BELMONT, CANNING and KALAMUNDA;31;13
12/18/23;Welshpool;KEWDALE, WATTLE GROVE and WELSHPOOL;CITIES OF BELMONT, CANNING and KALAMUNDA;31;13
12/18/23;Wattle Grove;KEWDALE, WATTLE GROVE and WELSHPOOL;CITIES OF BELMONT, CANNING and KALAMUNDA;30;12,06
12/18/23;Belmont;KEWDALE, WATTLE GROVE and WELSHPOOL;CITIES OF BELMONT, CANNING and KALAMUNDA;31;13
1/1/24;Jarrahdale;DARLING DOWNS;SHIRE OF SERPENTINE-JARRAHDALE;30;9
1/1/24;Darling Downs;DARLING DOWNS;SHIRE OF SERPENTINE-JARRAHDALE;27;12,06
1/1/24;Serpentine;DARLING DOWNS;SHIRE OF SERPENTINE-JARRAHDALE;24;12,06
1/1/24;Jarrahdale;DARLING DOWNS;SHIRE OF SERPENTINE-JARRAHDALE;30;9
1/1/24;Darling Downs;DARLING DOWNS;SHIRE OF SERPENTINE-JARRAHDALE;27;12,06
1/1/24;Serpentine;DARLING DOWNS;SHIRE OF SERPENTINE-JARRAHDALE;24;12,06
1/15/24;Yanchep;BAMBUN, MUCHEA, PINJAR, YANCHEP and YEAL;SHIRES OF CHITTERING and GINGIN and CITY OF WANNEROO;38;12,06
1/15/24;Wanneroo;BAMBUN, MUCHEA, PINJAR, YANCHEP and YEAL;SHIRES OF CHITTERING and GINGIN and CITY OF WANNEROO;34;11
1/15/24;Pinjar;BAMBUN, MUCHEA, PINJAR, YANCHEP and YEAL;SHIRES OF CHITTERING and GINGIN and CITY OF WANNEROO;36;11
1/15/24;Yanchep;BAMBUN, MUCHEA, PINJAR, YANCHEP and YEAL;SHIRES OF CHITTERING and GINGIN and CITY OF WANNEROO;38;12,06
1/15/24;Wanneroo;BAMBUN, MUCHEA, PINJAR, YANCHEP and YEAL;SHIRES OF CHITTERING and GINGIN and CITY OF WANNEROO;34;11
1/15/24;Pinjar;BAMBUN, MUCHEA, PINJAR, YANCHEP and YEAL;SHIRES OF CHITTERING and GINGIN and CITY OF WANNEROO;36;11
12/9/23;Ellenbrook;ELLENBROOK;CITY OF SWAN;28;10,02
12/9/23;Ellenbrook;ELLENBROOK;CITY OF SWAN;28;10,02
12/23/23;Jarrahdale;KEYSBROOK, NAMBEELUP and NORTH DANDALUP;SHIRES OF SERPENTINE-JARRAHDALE and MURRAY;35;8,04
12/23/23;Keysbrook;KEYSBROOK, NAMBEELUP and NORTH DANDALUP;SHIRES OF SERPENTINE-JARRAHDALE and MURRAY;31;12,06
12/23/23;Serpentine;KEYSBROOK, NAMBEELUP and NORTH DANDALUP;SHIRES OF SERPENTINE-JARRAHDALE and MURRAY;27;12,06
12/23/23;Jarrahdale;KEYSBROOK, NAMBEELUP and NORTH DANDALUP;SHIRES OF SERPENTINE-JARRAHDALE and MURRAY;35;8,04
12/23/23;Keysbrook;KEYSBROOK, NAMBEELUP and NORTH DANDALUP;SHIRES OF SERPENTINE-JARRAHDALE and MURRAY;31;12,06
12/23/23;Serpentine;KEYSBROOK, NAMBEELUP and NORTH DANDALUP;SHIRES OF SERPENTINE-JARRAHDALE and MURRAY;27;12,06
12/23/23;Jarrahdale;KEYSBROOK, NAMBEELUP and NORTH DANDALUP;SHIRES OF SERPENTINE-JARRAHDALE and MURRAY;35;8,04
12/23/23;Keysbrook;KEYSBROOK, NAMBEELUP and NORTH DANDALUP;SHIRES OF SERPENTINE-JARRAHDALE and MURRAY;31;12,06
12/23/23;Serpentine;KEYSBROOK, NAMBEELUP and NORTH DANDALUP;SHIRES OF SERPENTINE-JARRAHDALE and MURRAY;27;12,06
12/23/23;Jarrahdale;KEYSBROOK, NAMBEELUP and NORTH DANDALUP;SHIRES OF SERPENTINE-JARRAHDALE and MURRAY;35;8,04
12/23/23;Keysbrook;KEYSBROOK, NAMBEELUP and NORTH DANDALUP;SHIRES OF SERPENTINE-JARRAHDALE and MURRAY;31;12,06
12/23/23;Serpentine;KEYSBROOK, NAMBEELUP and NORTH DANDALUP;SHIRES OF SERPENTINE-JARRAHDALE and MURRAY;27;12,06
12/23/23;Jarrahdale;KEYSBROOK, NAMBEELUP and NORTH DANDALUP;SHIRES OF SERPENTINE-JARRAHDALE and MURRAY;35;8,04
12/23/23;Keysbrook;KEYSBROOK, NAMBEELUP and NORTH DANDALUP;SHIRES OF SERPENTINE-JARRAHDALE and MURRAY;31;12,06
12/23/23;Serpentine;KEYSBROOK, NAMBEELUP and NORTH DANDALUP;SHIRES OF SERPENTINE-JARRAHDALE and MURRAY;27;12,06
1/13/24;Yanchep;BAMBUN, MUCHEA, YANCHEP and YEAL;SHIRES OF GINGIN and CHITTERING and the CITY OF WANNEROO;43;12,06
1/13/24;Wanneroo;BAMBUN, MUCHEA, YANCHEP and YEAL;SHIRES OF GINGIN and CHITTERING and the CITY OF WANNEROO;40;11
1/13/24;Yanchep;BAMBUN, MUCHEA, YANCHEP AND YEAL;SHIRES OF GINGIN and CHITTERING and the CITY OF WANNEROO;43;12,06
1/13/24;Wanneroo;BAMBUN, MUCHEA, YANCHEP AND YEAL;SHIRES OF GINGIN and CHITTERING and the CITY OF WANNEROO;40;11
1/13/24;Yanchep;BAMBUN, MUCHEA, YANCHEP AND YEAL;SHIRES OF GINGIN and CHITTERING and the CITY OF WANNEROO;43;12,06
1/13/24;Wanneroo;BAMBUN, MUCHEA, YANCHEP AND YEAL;SHIRES OF GINGIN and CHITTERING and the CITY OF WANNEROO;40;11
1/13/24;Yanchep;BAMBUN, MUCHEA, YANCHEP AND YEAL;SHIRES OF GINGIN and CHITTERING and the CITY OF WANNEROO;43;12,06
1/13/24;Wanneroo;BAMBUN, MUCHEA, YANCHEP AND YEAL;SHIRES OF GINGIN and CHITTERING and the CITY OF WANNEROO;40;11
1/13/24;Yanchep;BAMBUN, MUCHEA, YANCHEP AND YEAL;SHIRES OF GINGIN and CHITTERING and the CITY OF WANNEROO;43;12,06
1/13/24;Wanneroo;BAMBUN, MUCHEA, YANCHEP AND YEAL;SHIRES OF GINGIN and CHITTERING and the CITY OF WANNEROO;40;11
1/13/24;Yanchep;BAMBUN, MUCHEA, YANCHEP AND YEAL;SHIRES OF GINGIN and CHITTERING and the CITY OF WANNEROO;43;12,06
1/13/24;Wanneroo;BAMBUN, MUCHEA, YANCHEP AND YEAL;SHIRES OF GINGIN and CHITTERING and the CITY OF WANNEROO;40;11
1/13/24;Yanchep;BAMBUN, MUCHEA, YANCHEP AND YEAL;SHIRES OF GINGIN and CHITTERING and the CITY OF WANNEROO;43;12,06
1/13/24;Wanneroo;BAMBUN, MUCHEA, YANCHEP AND YEAL;SHIRES OF GINGIN and CHITTERING and the CITY OF WANNEROO;40;11
1/13/24;Yanchep;BAMBUN, MUCHEA, YANCHEP AND YEAL;SHIRES OF GINGIN and CHITTERING and the CITY OF WANNEROO;43;12,06
1/13/24;Wanneroo;BAMBUN, MUCHEA, YANCHEP AND YEAL;SHIRES OF GINGIN and CHITTERING and the CITY OF WANNEROO;40;11
1/13/24;Yanchep;BAMBUN, MUCHEA, YANCHEP AND YEAL;SHIRES OF GINGIN and CHITTERING and the CITY OF WANNEROO;43;12,06
1/13/24;Wanneroo;BAMBUN, MUCHEA, YANCHEP AND YEAL;SHIRES OF GINGIN and CHITTERING and the CITY OF WANNEROO;40;11
1/13/24;Yanchep;BAMBUN, MUCHEA, YANCHEP AND YEAL;SHIRES OF GINGIN and CHITTERING and the CITY OF WANNEROO;43;12,06
1/13/24;Wanneroo;BAMBUN, MUCHEA, YANCHEP AND YEAL;SHIRES OF GINGIN and CHITTERING and the CITY OF WANNEROO;40;11
1/13/24;Yanchep;BAMBUN, MUCHEA, YANCHEP AND YEAL;SHIRES OF GINGIN and CHITTERING and the CITY OF WANNEROO;43;12,06
1/13/24;Wanneroo;BAMBUN, MUCHEA, YANCHEP AND YEAL;SHIRES OF GINGIN and CHITTERING and the CITY OF WANNEROO;40;11
2/18/24;Karrinyup;CARINE, GWELUP and KARRINYUP;CITY OF STIRLING;42;10,04
2/18/24;Gwelup;CARINE, GWELUP and KARRINYUP;CITY OF STIRLING;42;10,04
2/18/24;Stirling;CARINE, GWELUP and KARRINYUP;CITY OF STIRLING;42;10,04
2/18/24;Carine;CARINE, GWELUP and KARRINYUP;CITY OF STIRLING;42;10,04
2/18/24;Karrinyup;CARINE, GWELUP and KARRINYUP;CITY OF STIRLING;42;10,04
2/18/24;Gwelup;CARINE, GWELUP and KARRINYUP;CITY OF STIRLING;42;10,04
2/18/24;Stirling;CARINE, GWELUP and KARRINYUP;CITY OF STIRLING;42;10,04
2/18/24;Carine;CARINE, GWELUP and KARRINYUP;CITY OF STIRLING;42;10,04
1/7/24;Jarrahdale;OLDBURY;SHIRE OF SERPENTINE-JARRAHDALE;37;9,02
1/7/24;Oldbury;OLDBURY;SHIRE OF SERPENTINE-JARRAHDALE;35;12,06
1/7/24;Serpentine;OLDBURY;SHIRE OF SERPENTINE-JARRAHDALE;30;12,06
1/7/24;Jarrahdale;OLDBURY;SHIRE OF SERPENTINE-JARRAHDALE;37;9,02
1/7/24;Oldbury;OLDBURY;SHIRE OF SERPENTINE-JARRAHDALE;35;12,06
1/7/24;Serpentine;OLDBURY;SHIRE OF SERPENTINE-JARRAHDALE;30;12,06
1/7/24;Yanchep;Yanchep National Park;CITY OF WANNEROO;38;12,06
1/7/24;Wanneroo;Yanchep National Park;CITY OF WANNEROO;36;9,02
1/7/24;Yanchep;Yanchep National Park;CITY OF WANNEROO;38;12,06
1/7/24;Wanneroo;Yanchep National Park;CITY OF WANNEROO;36;9,02
1/14/24;Yanchep;BAMBUN, MUCHEA, YANCHEP AND YEAL;SHIRES OF GINGIN and CHITTERING and the CITY OF WANNEROO;41;12,06
1/14/24;Wanneroo;BAMBUN, MUCHEA, YANCHEP AND YEAL;SHIRES OF GINGIN and CHITTERING and the CITY OF WANNEROO;36;11,02
1/14/24;Yanchep;BAMBUN, MUCHEA, YANCHEP AND YEAL;SHIRES OF GINGIN and CHITTERING and the CITY OF WANNEROO;41;12,06
1/14/24;Wanneroo;BAMBUN, MUCHEA, YANCHEP AND YEAL;SHIRES OF GINGIN and CHITTERING and the CITY OF WANNEROO;36;11,02
1/14/24;Yanchep;BAMBUN, MUCHEA, PINJAR, YANCHEP and YEAL;SHIRES of CHITTERING and GINGIN and CITY of WANNEROO;41;12,06
1/14/24;Wanneroo;BAMBUN, MUCHEA, PINJAR, YANCHEP and YEAL;SHIRES of CHITTERING and GINGIN and CITY of WANNEROO;36;11,02
1/14/24;Pinjar;BAMBUN, MUCHEA, PINJAR, YANCHEP and YEAL;SHIRES of CHITTERING and GINGIN and CITY of WANNEROO;41;11,02
1/14/24;Yanchep;BAMBUN, MUCHEA, PINJAR, YANCHEP and YEAL;SHIRES of CHITTERING and GINGIN and CITY of WANNEROO;41;12,06
1/14/24;Wanneroo;BAMBUN, MUCHEA, PINJAR, YANCHEP and YEAL;SHIRES of CHITTERING and GINGIN and CITY of WANNEROO;36;11,02
1/14/24;Pinjar;BAMBUN, MUCHEA, PINJAR, YANCHEP and YEAL;SHIRES of CHITTERING and GINGIN and CITY of WANNEROO;41;11,02
1/14/24;Yanchep;BAMBUN, MUCHEA, PINJAR, YANCHEP and YEAL;SHIRES OF CHITTERING and GINGIN and CITY OF WANNEROO;41;12,06
1/14/24;Wanneroo;BAMBUN, MUCHEA, PINJAR, YANCHEP and YEAL;SHIRES OF CHITTERING and GINGIN and CITY OF WANNEROO;36;11,02
1/14/24;Pinjar;BAMBUN, MUCHEA, PINJAR, YANCHEP and YEAL;SHIRES OF CHITTERING and GINGIN and CITY OF WANNEROO;41;11,02
1/14/24;Yanchep;BAMBUN, MUCHEA, PINJAR, YANCHEP and YEAL;SHIRES OF CHITTERING and GINGIN and CITY OF WANNEROO;41;12,06
1/14/24;Wanneroo;BAMBUN, MUCHEA, PINJAR, YANCHEP and YEAL;SHIRES OF CHITTERING and GINGIN and CITY OF WANNEROO;36;11,02
1/14/24;Pinjar;BAMBUN, MUCHEA, PINJAR, YANCHEP and YEAL;SHIRES OF CHITTERING and GINGIN and CITY OF WANNEROO;41;11,02
1/14/24;Yanchep;BAMBUN, MUCHEA, PINJAR, YANCHEP and YEAL;SHIRES OF CHITTERING and GINGIN and CITY OF WANNEROO;41;12,06
1/14/24;Wanneroo;BAMBUN, MUCHEA, PINJAR, YANCHEP and YEAL;SHIRES OF CHITTERING and GINGIN and CITY OF WANNEROO;36;11,02
1/14/24;Pinjar;BAMBUN, MUCHEA, PINJAR, YANCHEP and YEAL;SHIRES OF CHITTERING and GINGIN and CITY OF WANNEROO;41;11,02
1/14/24;Yanchep;BAMBUN, MUCHEA, PINJAR, YANCHEP and YEAL;SHIRES OF CHITTERING and GINGIN and CITY OF WANNEROO;41;12,06
1/14/24;Wanneroo;BAMBUN, MUCHEA, PINJAR, YANCHEP and YEAL;SHIRES OF CHITTERING and GINGIN and CITY OF WANNEROO;36;11,02
1/14/24;Pinjar;BAMBUN, MUCHEA, PINJAR, YANCHEP and YEAL;SHIRES OF CHITTERING and GINGIN and CITY OF WANNEROO;41;11,02
1/14/24;Yanchep;BAMBUN, MUCHEA, PINJAR, YANCHEP and YEAL;SHIRES OF CHITTERING and GINGIN and CITY OF WANNEROO;41;12,06
1/14/24;Wanneroo;BAMBUN, MUCHEA, PINJAR, YANCHEP and YEAL;SHIRES OF CHITTERING and GINGIN and CITY OF WANNEROO;36;11,02
1/14/24;Pinjar;BAMBUN, MUCHEA, PINJAR, YANCHEP and YEAL;SHIRES OF CHITTERING and GINGIN and CITY OF WANNEROO;41;11,02
1/14/24;Yanchep;BAMBUN, MUCHEA, PINJAR, YANCHEP and YEAL;SHIRES OF CHITTERING and GINGIN and CITY OF WANNEROO;41;12,06
1/14/24;Wanneroo;BAMBUN, MUCHEA, PINJAR, YANCHEP and YEAL;SHIRES OF CHITTERING and GINGIN and CITY OF WANNEROO;36;11,02
1/14/24;Pinjar;BAMBUN, MUCHEA, PINJAR, YANCHEP and YEAL;SHIRES OF CHITTERING and GINGIN and CITY OF WANNEROO;41;11,02
1/14/24;Yanchep;BAMBUN, MUCHEA, PINJAR, YANCHEP and YEAL;SHIRES OF CHITTERING and GINGIN and CITY OF WANNEROO;41;12,06
1/14/24;Wanneroo;BAMBUN, MUCHEA, PINJAR, YANCHEP and YEAL;SHIRES OF CHITTERING and GINGIN and CITY OF WANNEROO;36;11,02
1/14/24;Pinjar;BAMBUN, MUCHEA, PINJAR, YANCHEP and YEAL;SHIRES OF CHITTERING and GINGIN and CITY OF WANNEROO;41;11,02
1/14/24;Yanchep;BAMBUN, MUCHEA, PINJAR, YANCHEP and YEAL;SHIRES OF CHITTERING and GINGIN and CITY OF WANNEROO;41;12,06
1/14/24;Wanneroo;BAMBUN, MUCHEA, PINJAR, YANCHEP and YEAL;SHIRES OF CHITTERING and GINGIN and CITY OF WANNEROO;36;11,02
1/14/24;Pinjar;BAMBUN, MUCHEA, PINJAR, YANCHEP and YEAL;SHIRES OF CHITTERING and GINGIN and CITY OF WANNEROO;41;11,02
12/14/23;Stratton;MIDDLE SWAN, MIDVALE and STRATTON;CITY OF SWAN;31;10
12/14/23;Middle Swan;MIDDLE SWAN, MIDVALE and STRATTON;CITY OF SWAN;31;10
12/14/23;Midvale;MIDDLE SWAN, MIDVALE and STRATTON;CITY OF SWAN;31;12,06
12/14/23;Stratton;MIDDLE SWAN, MIDVALE and STRATTON;CITY OF SWAN;31;10
12/14/23;Middle Swan;MIDDLE SWAN, MIDVALE and STRATTON;CITY OF SWAN;31;10
12/14/23;Midvale;MIDDLE SWAN, MIDVALE and STRATTON;CITY OF SWAN;31;12,06
12/14/23;Stratton;MIDDLE SWAN, MIDVALE and STRATTON;CITY OF SWAN;31;10
12/14/23;Middle Swan;MIDDLE SWAN, MIDVALE and STRATTON;CITY OF SWAN;31;10
12/14/23;Midvale;MIDDLE SWAN, MIDVALE and STRATTON;CITY OF SWAN;31;12,06
12/14/23;Stratton;MIDDLE SWAN and STRATTON;CITY OF SWAN;31;10
12/14/23;Middle Swan;MIDDLE SWAN and STRATTON;CITY OF SWAN;31;10
12/21/23;Mundaring;PARKERVILLE;SHIRE OF MUNDARING;36;12,06
12/21/23;Parkerville;PARKERVILLE;SHIRE OF MUNDARING;36;12,06
12/21/23;Mundaring;PARKERVILLE;SHIRE OF MUNDARING;36;12,06
12/21/23;Parkerville;PARKERVILLE;SHIRE OF MUNDARING;36;12,06
12/21/23;Mundaring;PARKERVILLE;SHIRE OF MUNDARING;36;12,06
12/21/23;Parkerville;PARKERVILLE;SHIRE OF MUNDARING;36;12,06
12/21/23;Mundaring;PARKERVILLE;SHIRE OF MUNDARING;36;12,06
12/21/23;Parkerville;PARKERVILLE;SHIRE OF MUNDARING;36;12,06
12/21/23;Mundaring;PARKERVILLE;SHIRE OF MUNDARING;36;12,06
12/21/23;Parkerville;PARKERVILLE;SHIRE OF MUNDARING;36;12,06
12/21/23;Mundaring;PARKERVILLE;SHIRE OF MUNDARING;36;12,06
12/21/23;Parkerville;PARKERVILLE;SHIRE OF MUNDARING;36;12,06
12/21/23;Mundaring;PARKERVILLE;SHIRE OF MUNDARING;36;12,06
12/21/23;Parkerville;PARKERVILLE;SHIRE OF MUNDARING;36;12,06
12/21/23;Mundaring;PARKERVILLE;SHIRE OF MUNDARING;36;12,06
12/21/23;Parkerville;PARKERVILLE;SHIRE OF MUNDARING;36;12,06
12/21/23;Mundaring;PARKERVILLE;SHIRE OF MUNDARING;36;12,06
12/21/23;Parkerville;PARKERVILLE;SHIRE OF MUNDARING;36;12,06
12/21/23;Mundaring;PARKERVILLE;SHIRE OF MUNDARING;36;12,06
12/21/23;Parkerville;PARKERVILLE;SHIRE OF MUNDARING;36;12,06
12/21/23;Mundaring;PARKERVILLE;SHIRE OF MUNDARING;36;12,06
12/21/23;Parkerville;PARKERVILLE;SHIRE OF MUNDARING;36;12,06
2/8/24;Stirling;GREEN RANGE, KOJANEERUP SOUTH, METTLER and SOUTH STIRLING;CITY OF ALBANY;39;11,08
2/8/24;Stirling;GREEN RANGE, KOJANEERUP SOUTH, METTLER and SOUTH STIRLING;CITY OF ALBANY;39;11,08
2/8/24;Stirling;GREEN RANGE, KOJANEERUP SOUTH, METTLER and SOUTH STIRLING;CITY OF ALBANY;39;11,08
2/8/24;Stirling;GREEN RANGE, KOJANEERUP SOUTH, METTLER and SOUTH STIRLING;CITY OF ALBANY;39;11,08
2/8/24;Stirling;GREEN RANGE, KOJANEERUP SOUTH, METTLER and SOUTH STIRLING;CITY OF ALBANY;39;11,08
2/8/24;Stirling;GREEN RANGE, KOJANEERUP SOUTH, METTLER and SOUTH STIRLING;CITY OF ALBANY;39;11,08
2/8/24;Guildford;HAZELMERE, HIGH WYCOMBE, PERTH AIRPORT and SOUTH GUILDFORD;CITY OF SWAN and SHIRE OF KALAMUNDA;41;11,08
2/8/24;Kalamunda;HAZELMERE, HIGH WYCOMBE, PERTH AIRPORT and SOUTH GUILDFORD;CITY OF SWAN and SHIRE OF KALAMUNDA;40;12,06
2/8/24;Hazelmere;HAZELMERE, HIGH WYCOMBE, PERTH AIRPORT and SOUTH GUILDFORD;CITY OF SWAN and SHIRE OF KALAMUNDA;41;11,08
2/8/24;High Wycombe;HAZELMERE, HIGH WYCOMBE, PERTH AIRPORT and SOUTH GUILDFORD;CITY OF SWAN and SHIRE OF KALAMUNDA;41;11,08
2/8/24;Perth Airport;HAZELMERE, HIGH WYCOMBE, PERTH AIRPORT and SOUTH GUILDFORD;CITY OF SWAN and SHIRE OF KALAMUNDA;41;11,08
2/8/24;South Guildford;HAZELMERE, HIGH WYCOMBE, PERTH AIRPORT and SOUTH GUILDFORD;CITY OF SWAN and SHIRE OF KALAMUNDA;41;11,08
2/8/24;South Perth;HAZELMERE, HIGH WYCOMBE, PERTH AIRPORT and SOUTH GUILDFORD;CITY OF SWAN and SHIRE OF KALAMUNDA;39;11,08
2/8/24;Stirling;GREEN RANGE, KOJANEERUP SOUTH, METTLER and SOUTH STIRLING;CITY OF ALBANY;39;11,08
2/8/24;Guildford;PERTH AIRPORT, HIGH WYCOMBE and SOUTH GUILDFORD;CITIES OF SWAN and BELMONT and SHIRE OF KALAMUNDA;41;11,08
2/8/24;Kalamunda;PERTH AIRPORT, HIGH WYCOMBE and SOUTH GUILDFORD;CITIES OF SWAN and BELMONT and SHIRE OF KALAMUNDA;40;12,06
2/8/24;High Wycombe;PERTH AIRPORT, HIGH WYCOMBE and SOUTH GUILDFORD;CITIES OF SWAN and BELMONT and SHIRE OF KALAMUNDA;41;11,08
2/8/24;Belmont;PERTH AIRPORT, HIGH WYCOMBE and SOUTH GUILDFORD;CITIES OF SWAN and BELMONT and SHIRE OF KALAMUNDA;39;11,08
2/8/24;Perth Airport;PERTH AIRPORT, HIGH WYCOMBE and SOUTH GUILDFORD;CITIES OF SWAN and BELMONT and SHIRE OF KALAMUNDA;41;11,08
2/8/24;South Guildford;PERTH AIRPORT, HIGH WYCOMBE and SOUTH GUILDFORD;CITIES OF SWAN and BELMONT and SHIRE OF KALAMUNDA;41;11,08
2/8/24;South Perth;PERTH AIRPORT, HIGH WYCOMBE and SOUTH GUILDFORD;CITIES OF SWAN and BELMONT and SHIRE OF KALAMUNDA;39;11,08
2/13/24;Gosnells;MARTIN;CITY OF GOSNELLS;36;12,06
2/13/24;Gosnells;MARTIN;CITY OF GOSNELLS;36;12,06
2/20/24;Bibra Lake;BIBRA LAKE;CITY OF COCKBURN;40;11,04
12/27/23;Gosnells;CHAMPION LAKES and GOSNELLS;CITY OF ARMADALE;26;12,06
12/27/23;Champion Lakes;CHAMPION LAKES and GOSNELLS;CITY OF ARMADALE;27;8,04
12/27/23;Armadale;CHAMPION LAKES and GOSNELLS;CITY OF ARMADALE;26;12,06
12/27/23;Gosnells;CHAMPION LAKES, GOSNELLS and SOUTHERN RIVER;CITY OF ARMADALE and CITY OF GOSNELLS;26;12,06
12/27/23;Champion Lakes;CHAMPION LAKES, GOSNELLS and SOUTHERN RIVER;CITY OF ARMADALE and CITY OF GOSNELLS;26;12,06
12/27/23;Armadale;CHAMPION LAKES, GOSNELLS and SOUTHERN RIVER;CITY OF ARMADALE and CITY OF GOSNELLS;26;12,06
12/27/23;Southern River;CHAMPION LAKES, GOSNELLS and SOUTHERN RIVER;CITY OF ARMADALE and CITY OF GOSNELLS;26;12,06
12/27/23;Gosnells;CHAMPION LAKES, GOSNELLS and SOUTHERN RIVER;CITY OF ARMADALE and CITY OF GOSNELLS;26;12,06
12/27/23;Champion Lakes;CHAMPION LAKES, GOSNELLS and SOUTHERN RIVER;CITY OF ARMADALE and CITY OF GOSNELLS;26;12,06
12/27/23;Armadale;CHAMPION LAKES, GOSNELLS and SOUTHERN RIVER;CITY OF ARMADALE and CITY OF GOSNELLS;26;12,06
12/27/23;Southern River;CHAMPION LAKES, GOSNELLS and SOUTHERN RIVER;CITY OF ARMADALE and CITY OF GOSNELLS;26;12,06
2/7/24;Bullsbrook;BULLSBROOK;CITY OF SWAN;37;12,06
2/7/24;Bullsbrook;BULLSBROOK;CITY of SWAN;37;12,06
2/7/24;Bullsbrook;BULLSBROOK;CITY of SWAN;37;12,06
2/7/24;Casuarina;CASUARINA;CITY OF KWINANA;33;12,06
2/7/24;Bullsbrook;BULLSBROOK;CITY of SWAN;37;12,06
2/7/24;Bullsbrook;BULLSBROOK;CITY of SWAN;37;12,06
2/28/24;Wanneroo;NEERABUP, NOWERGUP and PINJAR;CITY OF WANNEROO;30;8
2/28/24;Pinjar;NEERABUP, NOWERGUP and PINJAR;CITY OF WANNEROO;31;8
2/28/24;Nowergup;NEERABUP, NOWERGUP and PINJAR;CITY OF WANNEROO;32;8
2/28/24;Neerabup;NEERABUP, NOWERGUP and PINJAR;CITY OF WANNEROO;33;12,06
1/3/24;Champion Lakes;CHAMPION LAKES;CITY OF ARMADALE;32;12,06
1/3/24;Armadale;CHAMPION LAKES;CITY OF ARMADALE;26;12,06
1/3/24;Forrestdale;CHAMPION LAKES, SEVILLE GROVE and FORRESTDALE;CITY OF ARMADALE;32;12,06
1/3/24;Champion Lakes;CHAMPION LAKES, SEVILLE GROVE and FORRESTDALE;CITY OF ARMADALE;32;12,06
1/3/24;Armadale;CHAMPION LAKES, SEVILLE GROVE and FORRESTDALE;CITY OF ARMADALE;26;12,06
;;;;;12,06
